Date,Close,High,Low,Open,Volume
3/17/2020,49.82199478,49.82199478,47.01384737,48.82555627,15053996
3/18/2020,49.91256714,53.98891121,49.8219831,50.5466658,13103946
3/19/2020,49.73139572,50.54666241,48.46319849,49.82197976,5781189
3/22/2020,48.64437866,49.550233,48.55379115,49.09730583,1873951
3/23/2020,47.28559113,48.91612804,47.01383555,48.46320092,2597149
3/24/2020,48.55380249,49.00672977,47.91970707,47.91970707,1959664
3/25/2020,47.91969681,50.09374519,47.55735368,49.00671927,1962313
3/26/2020,48.19145584,48.55379554,47.91970021,48.2820399,401979
3/29/2020,48.01027679,48.28203239,47.82910525,47.91969275,355500
3/30/2020,48.10086441,48.19145192,47.8291088,48.01028036,253616
3/31/2020,49.73139572,50.54666241,48.28202696,48.28202696,1986426
4/1/2020,49.27848434,49.82199564,49.18789682,49.82199564,450715
4/2/2020,49.36906052,49.91257173,48.91613336,49.45964457,665219
4/5/2020,49.73139572,50.09373532,49.18788114,50.09373532,734917
4/6/2020,51.09019089,51.27135901,49.45965016,49.45965016,1729792
4/7/2020,50.72784424,51.27135547,50.45608862,50.99959986,969433
4/8/2020,50.1843338,50.72784504,49.6408191,50.72784504,834147
4/9/2020,49.55022812,50.72783795,49.36905658,50.27491083,640700
4/12/2020,48.9161377,49.45964895,48.64438207,49.27848084,627982
4/13/2020,49.91256714,50.99959292,48.82554482,48.91612886,1506100
4/14/2020,50.09373856,50.36549414,49.64081144,50.00315451,599809
4/15/2020,49.73139572,49.91256379,49.4596367,49.82197976,660240
4/16/2020,49.36906052,49.73140363,48.82554931,49.73140363,681010
4/19/2020,49.64082718,49.7314147,48.82556018,49.36907151,619092
4/20/2020,50.00315857,50.18433012,49.18788831,49.45964391,866562
4/21/2020,48.9161377,49.3690649,48.55379455,49.18789332,1577206
4/22/2020,49.36906052,50.00315923,48.64437775,48.7349618,552066
4/23/2020,51.27135849,51.361946,49.73140875,49.82199281,1639972
4/26/2020,54.26068115,54.26068115,51.54311789,51.72428601,2918525
4/27/2020,53.53599548,55.61946344,53.26423985,54.35126585,3061152
4/28/2020,53.80774689,54.35125809,53.62657534,53.62657534,597700
4/29/2020,54.17009354,54.35126511,53.62658227,53.8983379,662668
4/30/2020,55.43828964,55.5288737,54.07950805,54.17009211,1580034
5/3/2020,51.1807785,53.44541472,50.54667967,53.44541472,2291049
5/4/2020,51.72428513,52.08662827,49.64082069,49.82199226,1028321
5/5/2020,56.88766479,56.88766479,52.44897959,52.44897959,1685997
5/6/2020,57.24999619,60.69224206,56.7064815,58.88053334,4299609
5/7/2020,56.61590576,57.9746875,56.52532169,57.9746875,854377
5/10/2020,57.0688324,57.6123437,56.52532109,57.34058805,662893
5/11/2020,56.70647812,56.79706562,54.17008676,54.44184236,941129
5/12/2020,57.0688324,57.70293123,56.3441495,56.43473357,609749
5/13/2020,57.97467804,58.69936428,56.97823964,57.0688237,852285
5/14/2020,57.1594162,57.88410255,56.97824807,57.88410255,297665
5/17/2020,57.34057999,57.79350716,57.06882437,57.79350716,295203
5/18/2020,57.0688324,57.79351529,56.88766081,57.6123437,587249
5/19/2020,58.33703232,58.33703232,56.97825054,57.52176187,427886
5/20/2020,57.97467804,58.24643711,57.61233492,58.15584614,228983
5/21/2020,56.79706955,58.24643861,56.1629708,58.24643861,1237765
5/31/2020,57.88409042,58.78994471,57.24999173,58.78994471,851990
6/1/2020,57.52175522,58.15585054,57.06882801,57.61233928,577715
6/2/2020,56.97824478,57.88409921,56.70648569,57.61234012,674180
6/3/2020,56.70647812,57.15940527,56.43472252,56.97823717,433354
6/4/2020,56.34414291,56.7970701,56.16297135,56.2535554,474561
6/7/2020,57.0688324,57.52175964,56.79707674,56.79707674,470254
6/8/2020,57.1594162,57.25000372,56.79707648,57.1594162,328673
6/9/2020,58.60876465,58.78993964,57.06881526,57.06881526,1355496
6/10/2020,58.69937515,58.78995922,57.88410471,58.60878417,477144
6/11/2020,61.59809113,63.31921564,58.24643305,58.24643305,1696872
6/14/2020,63.13803864,64.13448384,61.23574609,61.77925726,1147455
6/15/2020,63.77214813,64.40624342,62.86629378,63.2286369,2857007
6/16/2020,65.04035187,65.04035187,63.59097923,63.59097923,896323
6/17/2020,66.67087555,67.21438675,65.13092599,65.13092599,1456220
6/18/2020,67.93909454,68.21085369,66.67089673,67.03323995,865493
6/21/2020,66.12735748,68.84492012,65.67443038,68.84492012,1037151
6/22/2020,65.04035187,65.94620631,64.31566555,65.94620631,1009126
6/23/2020,66.48971558,66.94264278,64.49683171,65.22151801,512058
6/24/2020,66.21796417,67.21440276,66.1273801,67.03323462,380679
6/25/2020,66.12735748,66.58028459,65.40267135,65.40267135,467533
6/28/2020,68.21082306,68.39199113,65.13091744,65.22150148,800116
6/29/2020,67.84848022,68.57315943,67.03321007,68.0296483,688359
6/30/2020,68.21082306,68.84491823,67.39555291,67.39555291,629771
7/1/2020,73.19303131,74.55181278,68.30141663,68.30141663,1891920
7/2/2020,74.73297882,75.54824906,73.01185429,75.00473787,1907156
7/5/2020,82.02402496,82.66198682,75.37096238,75.37096238,2669166
7/6/2020,79.28987122,85.85178881,78.92531869,82.93538254,2957637
7/7/2020,78.46964264,80.74808759,77.92281724,78.37850623,1751680
7/8/2020,78.83418274,79.47214444,77.9228049,78.74304635,662010
7/9/2020,80.38352966,82.0240127,78.65191718,79.19874254,1646312
7/12/2020,80.2012558,81.02149731,79.83670324,80.83921755,716687
7/13/2020,80.83921051,81.20376303,79.65442351,80.20124881,602377
7/14/2020,80.83921051,81.29489942,79.7455599,80.83921051,645288
7/15/2020,80.2012558,81.02149731,79.92783964,80.65694475,431457
7/16/2020,79.28987122,80.20124905,79.28987122,80.20124905,327370
7/19/2020,78.28735352,79.38100408,78.10507379,79.28986769,525866
7/20/2020,77.8316803,80.01898882,76.55574974,78.19623288,923196
7/21/2020,78.19622803,78.83418979,77.92281187,77.92281187,314409
7/22/2020,78.37850952,78.65192571,77.8316841,78.46964593,213470
7/23/2020,78.83418274,79.83669697,78.10507769,78.19622104,450265
7/26/2020,78.56077576,79.01646473,78.28736655,79.01646473,223111
7/27/2020,79.74557495,79.74557495,78.56078077,78.74306054,473407
7/28/2020,80.2012558,80.3835286,79.65443044,79.74556684,563486
8/5/2020,80.65694427,81.47718578,80.38352812,80.56580788,407454
8/6/2020,80.29239655,81.29491091,80.29239655,80.74808552,312881
8/9/2020,79.83670807,80.38353346,79.74557166,80.29239705,385070
8/10/2020,80.01898193,80.38352753,79.65442939,79.83670218,303660
8/11/2020,79.65444183,80.56581987,79.28988923,80.20126727,741986
8/12/2020,79.92782593,80.11010565,79.47213705,79.92782593,203953
8/13/2020,79.92782593,79.92782593,79.92782593,79.92782593,0
8/16/2020,79.83670807,80.20126064,79.47215549,80.11012424,561529
8/17/2020,79.0164566,80.11011419,78.83418382,79.92783445,555156
8/18/2020,79.65444183,79.74557825,79.01647304,79.01647304,297731
8/19/2020,80.65694427,80.83921707,79.65442997,79.65442997,621272
8/20/2020,79.92782593,80.83920368,79.83668954,80.83920368,313441
8/23/2020,80.29405975,80.66028264,79.83628289,80.29405975,325260
8/24/2020,84.41404724,84.68871614,80.1109477,80.47717057,1396020
8/25/2020,83.4069519,85.87895142,83.04072898,84.68872865,1472688
8/26/2020,81.94204712,84.41403904,81.30116239,83.49848544,1508401
8/27/2020,82.12516785,82.94916761,81.48428302,82.03361387,451565
8/30/2020,82.30828094,82.67450383,82.12516601,82.21672697,259360
8/31/2020,82.21672821,82.49139014,81.75895134,82.39983616,328873
9/1/2020,82.49140167,84.96340129,81.85051676,81.94207075,967657
9/2/2020,82.85761261,82.85761261,81.75895093,82.5829437,644859
9/3/2020,82.49140167,83.31540155,82.39984768,82.9491786,375968
9/6/2020,81.30117035,82.39983198,80.8433935,82.39983198,671535
9/7/2020,82.49140167,82.58295566,81.02651689,81.30118584,506200
9/8/2020,82.03361511,82.76606091,81.94206113,82.58294597,442769
9/9/2020,83.49850464,83.68161959,80.93495816,81.85051197,873594
9/10/2020,84.13939667,84.87183553,83.49850481,83.59006578,694214
9/13/2020,87.06916809,89.7242756,83.59006772,83.6816217,1550448
9/14/2020,87.06916809,88.35094485,85.97050629,87.25228305,916758
9/15/2020,88.07627106,88.44249397,86.51983242,86.51983242,662088
9/16/2020,89.99893951,90.9144933,88.35093991,88.53404788,1638232
9/17/2020,89.90737152,91.55537099,89.72426357,90.63981728,3600033
9/20/2020,88.07627106,89.72427066,87.98471708,89.72427066,534631
9/21/2020,86.88604736,88.80870873,86.15360161,88.16782394,593243
9/22/2020,86.5198288,86.97760567,85.60427505,86.61138277,354395
9/24/2020,86.33672333,87.43538506,86.33672333,86.61138527,223343
9/27/2020,86.33672333,86.97760817,85.97050042,86.33672333,328125
9/28/2020,88.99182129,89.26649021,86.24516005,86.97760584,729403
9/29/2020,88.62560272,88.90026465,87.89315695,88.80871067,367027
9/30/2020,88.2593689,88.62559174,87.80159209,87.89314606,167613
10/1/2020,88.35094452,88.35094452,87.71005963,87.8931676,224250
10/4/2020,86.5198288,87.71005146,86.42827482,87.71005146,174611
10/5/2020,87.25227356,87.61848946,86.24515887,86.51982778,237858
10/6/2020,89.08338928,89.08338928,87.25228165,87.5269436,760327
10/7/2020,88.07627106,89.72427066,88.07627106,89.08338581,208509
10/8/2020,88.62560272,89.54115644,87.89315695,88.62560272,405311
10/11/2020,88.99182129,89.26649021,88.25938248,89.17493623,335819
10/12/2020,89.63272095,89.72427493,88.62561314,88.99182908,661869
10/13/2020,89.90737152,90.63981728,89.6327096,89.6327096,479142
10/14/2020,89.08338928,90.27360505,89.08338928,89.63272018,271921
10/15/2020,88.80870819,89.17493107,88.35093134,89.08337709,229703
10/18/2020,88.44248962,88.99182047,88.44248962,88.80871252,128473
10/19/2020,89.08338928,89.26649725,88.35094343,89.26649725,185718
10/20/2020,88.07627106,88.90027086,88.07627106,88.35093999,223973
10/21/2020,88.90028381,88.90028381,88.07628389,88.16784487,324296
10/22/2020,88.80870819,88.90026216,88.07626244,88.1678234,225548
10/25/2020,86.06204987,90.18204161,86.06204987,89.72426475,419153
10/26/2020,88.16783905,89.08339291,86.06206239,86.06206239,507115
10/27/2020,88.71717072,88.71717072,87.5269479,88.71717072,167354
10/28/2020,88.07627106,88.99182484,87.98471708,88.44249397,138672
10/29/2020,86.42827606,88.1678296,86.15360714,88.1678296,219213
11/1/2020,86.05970001,86.61254464,83.84831449,83.84831449,250436
11/2/2020,87.44181061,87.5339502,85.5989906,86.1518352,429545
11/3/2020,88.4553833,88.91608842,87.25754717,87.25754717,188651
11/4/2020,89.37677765,89.56105685,88.73179341,88.73179341,298320
11/5/2020,89.28466034,89.37679996,86.61256904,89.37679996,386102
11/8/2020,88.36325836,88.82396356,88.17897206,88.455398,271273
11/9/2020,89.92961884,89.92961884,88.36322457,88.36322457,520847
11/10/2020,89.65322113,90.66677101,88.27110574,90.20606588,363418
11/11/2020,90.11391449,90.94317799,89.65320942,90.29819371,447133
11/12/2020,89.92961884,90.29818426,89.37677422,89.92961884,173481
11/15/2020,89.74536133,90.3903457,89.46893544,89.83750095,130435
11/16/2020,92.0488739,93.61526832,89.74534856,89.92962778,929041
11/17/2020,90.94319153,94.1681275,90.94319153,91.77246218,650945
11/18/2020,91.68031311,91.68031311,90.48247706,90.94318215,255279
11/19/2020,91.68031311,91.68031311,90.39033745,91.68031311,284148
11/22/2020,96.37950897,96.93235371,91.95674407,92.04888369,640822
11/23/2020,98.59088135,99.14372601,94.16811003,95.82665103,933879
11/24/2020,97.30092621,100.0651571,96.93236068,99.51231233,548003
11/25/2020,98.59088135,99.32801224,96.56378193,96.56378193,499109
11/26/2020,105.9621735,106.3307389,97.4852024,97.66948163,1223872
11/29/2020,105.9621735,105.9621735,105.9621735,105.9621735,0
11/30/2020,106.8835831,117.0190953,106.8835831,115.3605541,5310316
12/1/2020,103.3822021,109.2792277,103.0136438,107.0678423,898768
12/2/2020,105.9621735,107.2521492,103.0136636,104.1193531,903432
12/3/2020,104.3036194,106.515005,103.935061,106.1464396,359610
12/6/2020,99.51230621,105.0407677,99.32802698,105.0407677,429923
12/7/2020,100.802269,101.3551137,97.85375237,99.5122934,501434
12/8/2020,97.66947174,101.3551122,95.82665152,101.3551122,1113420
12/9/2020,98.59088135,99.32801224,96.74806114,97.66947124,334509
12/10/2020,100.9865646,100.9865646,96.93235802,98.59089933,312909
12/13/2020,101.3551178,102.6450934,99.51229747,100.9865523,372779
12/14/2020,101.5393829,101.9079484,100.0651283,101.9079484,136039
12/15/2020,101.5393829,101.7236692,100.4336937,101.5393829,122351
12/16/2020,104.1193695,105.9621902,100.9865729,101.5394177,816048
12/17/2020,104.1193695,105.5936247,103.1979592,104.1193695,358631
12/20/2020,103.0136642,104.3036329,102.829378,104.1193537,242729
12/21/2020,100.9865646,103.1979507,98.40662009,100.2494406,495256
12/22/2020,102.0922546,102.2765339,100.9865582,100.9865582,172987
12/23/2020,101.7236786,102.2765233,100.8022685,101.9079578,150163
12/24/2020,101.7236786,102.2765233,101.1708339,102.092244,164580
12/27/2020,101.9079742,102.2765398,101.5394087,102.0922605,1489915
12/28/2020,101.3551178,101.7236833,100.0651422,101.539397,127337
12/29/2020,102.0922546,102.2765339,100.4337134,100.9865582,105507
12/30/2020,101.7236786,102.092244,100.8022685,101.9079578,112971
12/31/2020,100.4337158,101.7236916,100.4337158,101.3551261,121313
1/3/2021,100.4337158,100.9865606,99.51230558,100.8022813,152746
1/4/2021,100.617981,100.617981,100.0651363,100.4337017,52596
1/5/2021,101.3551178,101.3551178,99.88086294,100.9865523,100878
1/6/2021,101.9079742,102.460819,100.8022847,101.3551295,221151
1/7/2021,101.1708221,101.9079459,100.9865359,101.9079459,119275
1/10/2021,102.829361,103.750771,101.1708271,101.1708271,214089
1/11/2021,103.0136642,103.1979435,102.092254,103.0136642,141520
1/12/2021,104.4878998,104.4878998,102.2765143,102.2765143,146440
1/13/2021,107.8049698,107.8049698,104.1193298,104.4878952,756084
1/14/2021,107.2521439,108.7263987,106.8835784,107.8049885,283265
1/17/2021,105.409317,106.8835718,105.409317,106.8835718,114675
1/18/2021,106.8835831,106.8835831,105.0407627,105.9621729,226924
1/19/2021,106.3307571,107.9892916,105.7779123,106.883602,162285
1/20/2021,107.2521439,107.8049885,105.777889,106.1464475,131264
1/21/2021,105.9621735,106.8835837,105.9621735,106.6993044,60502
1/24/2021,105.9621735,107.8049939,105.593608,106.1464527,294834
1/25/2021,105.9621735,107.0678629,105.9621735,106.6993044,155136
1/26/2021,106.515007,106.6992933,105.4093177,105.9621624,95986
1/27/2021,106.1464539,106.6993056,106.1464539,106.5150193,100290
1/28/2021,106.3307571,106.6993227,105.7779123,106.1464709,109362
1/31/2021,105.0407639,106.5150188,103.1979434,106.3307396,202027
2/1/2021,104.6721878,105.4093187,103.9350639,105.0407533,105633
2/2/2021,105.9621735,105.9621735,103.9350738,105.0407633,117959
2/3/2021,104.4878998,105.9621544,104.1193344,105.4093098,101120
2/4/2021,104.3036194,105.4093157,102.0922408,103.3822093,190612
2/7/2021,105.0407639,105.9621741,104.3036329,104.3036329,100112
2/8/2021,106.3307571,106.883602,104.6722157,105.0407812,249522
2/9/2021,107.6207047,107.9892631,106.1464428,106.3307291,388859
2/10/2021,106.8835831,107.4364278,106.8835831,107.2521486,157334
2/11/2021,107.8049698,108.5421006,106.8835598,106.8835598,214878
2/14/2021,107.8049698,108.7263798,107.4364044,107.8049698,202186
2/15/2021,107.0678635,107.8049944,107.0678635,107.8049944,166178
2/16/2021,106.8835831,107.620714,106.3307384,107.0678623,171646
2/17/2021,108.1735382,108.1735382,106.1464319,106.8835628,192896
2/18/2021,109.6478119,110.0163774,107.8049915,107.8049915,411534
2/21/2021,108.3578262,110.5692119,107.6207024,110.3849327,383361
2/22/2021,108.9106827,108.9106827,107.4364278,108.7264035,217035
2/23/2021,107.6207047,109.0949594,107.2521392,109.0949594,236064
2/24/2021,108.1735382,108.5421036,106.5149974,107.6206936,275572
2/25/2021,109.6478119,109.6478119,107.436426,108.173557,974455
2/28/2021,108.5421219,109.8320905,107.8049909,109.6478113,207804
3/1/2021,109.6478119,109.6478119,108.3578362,108.5421225,287356
3/2/2021,111.3063354,112.0434593,109.4635154,109.6477946,423507
3/3/2021,111.8591919,112.5963158,110.2006508,110.9377818,229370
3/4/2021,108.7264023,111.6749121,108.1735576,111.6749121,342065
3/7/2021,108.7264023,109.8320917,108.1735576,109.8320917,202865
3/8/2021,108.7264023,109.4635332,107.6207129,109.279247,277359
3/9/2021,108.7264023,108.7264023,107.8049921,108.7264023,152813
3/10/2021,109.6478119,109.6478119,106.8835813,108.7264017,288787
3/11/2021,109.2792206,109.2792206,108.1735314,109.0949414,85582
3/14/2021,108.7264023,109.279247,108.1735576,109.279247,117779
3/15/2021,109.6478119,110.0163774,108.5421225,109.2792464,177006
3/16/2021,109.6478119,110.3849428,107.8049915,110.2006566,162930
3/17/2021,109.6478119,110.3849428,108.5421225,110.3849428,155819
3/18/2021,110.2006454,110.2006454,108.3578253,109.6478008,169876
3/21/2021,109.6478119,110.0163774,109.2792464,109.2792464,35245
3/22/2021,109.4635315,109.8320899,108.9106798,109.6478107,72254
3/23/2021,109.4635315,109.6478107,108.7264005,108.9106798,72533
3/24/2021,108.9106827,108.9106827,107.8049933,108.7264035,106103
3/25/2021,108.9106827,109.4635344,107.9892725,108.7264035,91123
3/28/2021,109.8320847,110.3849364,108.7263953,109.27924,115942
3/29/2021,110.5692139,110.9377793,109.4635245,109.832083,185110
3/30/2021,110.9377747,110.9377747,110.2006438,110.2006438,77846
3/31/2021,114.2548599,114.6234254,110.9377848,110.9377848,697849
4/1/2021,115.1762695,115.1762695,112.7806045,114.6234248,196656
4/4/2021,114.4391327,115.7291082,114.2548535,115.3605428,99510
4/5/2021,114.6234131,115.7291023,114.2548477,114.4391269,106622
4/6/2021,116.2819519,116.2819519,114.2548525,114.8076971,199979
4/7/2021,116.2819519,116.2819519,116.2819519,116.2819519,0
4/8/2021,122.363266,124.7589239,119.7833149,120.1518733,475785
4/11/2021,122.363266,122.363266,122.363266,122.363266,0
4/12/2021,121.6261292,123.1003909,119.5990298,121.6261292,889860
4/13/2021,119.4147491,121.8104069,119.4147491,121.8104069,141220
4/14/2021,120.1518936,120.3361869,117.3876698,119.4147766,216263
4/15/2021,120.7047577,120.889037,119.0462162,120.7047577,237555
4/18/2021,120.1518936,121.6261557,119.7833351,120.8890246,135698
4/19/2021,120.8890076,120.8890076,119.2304665,120.1518766,87811
4/20/2021,120.8890076,120.8890076,120.3361699,120.7047284,87134
4/21/2021,120.8890076,121.2575801,119.9675974,120.8890076,122974
4/22/2021,124.0362015,124.0362015,121.2592716,121.8146632,167908
4/25/2021,128.6644135,130.5157,124.4064488,124.4064488,330337
4/26/2021,130.515686,130.515686,126.8131134,126.8131134,219504
4/27/2021,135.1439056,135.3290315,129.5900465,130.5156897,407993
4/28/2021,138.7713013,138.7713013,135.7949759,137.655181,381909
4/29/2021,140.6315155,141.7476358,137.0971227,138.7713102,464054
5/2/2021,139.1433868,143.4218513,138.7713372,141.3756279,352897
5/3/2021,140.2594757,141.1895783,138.3992705,139.5153908,209938
5/4/2021,140.6315155,141.0035651,139.5153952,140.4454978,187052
5/5/2021,140.8175354,141.3756027,139.5153974,139.5153974,182777
5/6/2021,139.5153961,141.3756014,139.5153961,139.8874315,187529
5/9/2021,139.1433868,141.1896102,138.9573549,139.3294046,73521
5/10/2021,139.5153961,139.8874315,138.7713112,139.1433607,138401
5/17/2021,138.5852966,140.0734666,136.911109,138.5852966,263218
5/18/2021,136.9111023,139.3293748,136.7250846,138.5852898,336242
5/19/2021,137.6552277,138.3993128,136.7251248,136.9111425,99911
5/20/2021,137.6552277,138.5853306,137.6552277,137.6552277,140097
5/23/2021,138.2132721,138.7713252,137.4691871,138.7713252,79602
5/24/2021,138.7713013,138.7713013,137.655181,137.655181,323559
5/25/2021,141.0035706,141.0035706,138.2132625,138.5852979,280957
5/26/2021,148.816391,150.3045606,140.2594513,140.8175043,576701
5/27/2021,151.7927704,151.7927704,148.4444089,148.8164443,685330
5/30/2021,154.0250092,155.3271472,152.3508215,152.5368392,351896
5/31/2021,152.5368958,154.7691373,151.6067927,154.7691373,294965
6/1/2021,153.4669495,154.7690876,152.7228644,152.9088822,246607
6/2/2021,153.4669495,154.0250168,153.2809318,153.4669495,145525
6/3/2021,153.4669495,153.6529672,152.9088822,153.6529672,218323
6/6/2021,153.2809296,153.4669473,152.5368446,153.4669473,77105
6/7/2021,155.8852081,156.2572435,152.5368329,152.5368329,158319
6/8/2021,155.3271332,156.2572358,149.9325353,156.2572358,209202
6/9/2021,155.3271332,156.2572358,154.2110129,155.3271332,208828
6/10/2021,155.1411438,156.0712466,154.3970587,154.9551261,162532
6/13/2021,155.3271332,156.0712181,154.2110129,155.3271332,134370
6/14/2021,156.6292877,159.6056277,154.9551142,156.0712346,418399
6/15/2021,156.2572632,156.6292986,154.955125,156.6292986,161076
6/16/2021,156.2572632,156.2572632,153.2809372,155.3271604,188383
6/17/2021,151.7927704,156.2572666,151.7927704,156.0712488,569760
6/20/2021,150.8626404,154.3970331,149.9325378,154.3970331,244600
6/21/2021,151.6067505,152.9088887,149.0024599,150.6766477,168302
6/22/2021,151.7927704,152.9088909,151.7927704,152.5368554,89711
6/23/2021,151.4207153,152.7228534,151.4207153,151.7927507,97079
6/24/2021,151.2346954,151.9787662,150.6766282,151.2346954,113031
6/27/2021,151.2346954,151.2346954,151.2346954,151.2346954,0
6/28/2021,151.6067505,151.9787859,149.9325627,150.6766477,133966
6/29/2021,151.9787903,151.9787903,150.4906343,151.6067548,99439
6/30/2021,151.9787903,152.7228754,151.4207371,151.4207371,112082
7/1/2021,149.3744812,152.722842,149.0024317,151.9787571,276495
7/4/2021,149.5605164,151.0486722,148.8164314,150.3046014,282428
7/5/2021,149.0024719,149.746557,148.6304365,149.746557,227197
7/6/2021,147.1422577,149.188481,146.95624,149.188481,151233
7/7/2021,146.0261078,148.4443802,145.8400901,147.3282457,213798
7/8/2021,148.4443817,150.1185551,145.8400916,146.0261093,237482
7/11/2021,147.7002869,149.1884424,145.6540641,148.0723222,125354
7/12/2021,146.5841827,148.6304057,145.4680482,145.6540801,98641
7/13/2021,150.4906158,150.4906158,146.5841874,146.7702051,174156
7/14/2021,151.6067505,151.6067505,149.1884776,150.49063,75887
7/15/2021,149.7465363,151.6067417,149.7465363,150.1185717,109123
7/25/2021,152.5368958,153.4669988,151.2347572,151.6067927,155541
7/26/2021,155.6992188,156.8153536,152.5368746,152.5368746,253917
7/27/2021,154.2110443,155.6992002,153.4669592,155.6992002,94201
7/28/2021,154.9550934,155.1411111,153.2809059,154.3970262,47936
7/29/2021,159.4195862,159.4195862,154.5830553,154.9551049,207563
8/1/2021,159.9776611,161.8378665,158.1174558,159.4195938,266982
8/2/2021,161.8378754,162.7679781,160.7217549,161.46584,146103
8/3/2021,166.116394,167.2325148,160.721794,160.9078118,285798
8/4/2021,169.6507263,170.7668609,166.1163474,166.8604182,267566
8/5/2021,174.8592987,182.1141022,165.9303076,169.6507182,618973
8/8/2021,178.5797119,182.3001226,176.7195066,181.3700199,431975
8/9/2021,175.9754181,179.6958287,175.2313331,176.719503,331455
8/10/2021,178.5797119,179.6958323,176.9055243,179.5098146,196598
8/11/2021,178.2076569,179.3237771,177.8356073,179.3237771,160202
8/12/2021,176.7195435,178.9517846,175.4174051,178.2077137,223320
8/15/2021,173.8255157,177.3729782,172.8919738,177.3729782,193125
8/16/2021,171.7717285,173.6388125,170.2780556,172.7052705,180263
8/17/2021,176.6261597,176.6261597,169.7179539,170.651496,217203
8/18/2021,175.3191528,176.6261057,172.7052329,176.6261057,114106
8/19/2021,170.8381653,175.1324637,170.0913289,175.1324637,168821
8/22/2021,170.8381653,174.9457439,168.9710815,170.8381653,155209
8/23/2021,168.5976868,172.8919713,167.8508503,171.2115929,205920
8/24/2021,169.9046631,169.9046631,166.9173312,168.971121,124360
8/25/2021,169.5312347,169.9046458,168.4109729,169.9046458,90632
8/26/2021,168.5976868,170.8381818,167.6641448,170.8381818,84747
8/29/2021,169.9046631,169.9046631,167.4774479,168.5977098,74057
8/30/2021,170.6514893,170.6514893,167.8508631,169.9046528,116154
8/31/2021,171.3983154,171.3983154,170.2780536,170.8381845,223533
9/1/2021,171.2116547,171.3983745,170.8382434,171.3983745,42733
9/2/2021,169.7179413,171.3983198,169.1578104,171.3983198,61860
9/5/2021,169.9046631,170.8382052,169.1578266,169.9046631,33255
9/6/2021,170.6514893,170.6514893,169.9046528,169.9046528,39398
9/7/2021,168.9711151,170.6514937,168.9711151,170.6514937,34882
9/8/2021,168.9711151,170.6514937,168.037573,168.9711151,93961
9/9/2021,167.8508606,169.7179447,167.8508606,169.7179447,80913
9/12/2021,166.9173584,169.7179852,166.9173584,169.7179852,88237
9/13/2021,167.6641693,167.6641693,165.2369541,167.4774495,82385
9/14/2021,167.1040192,169.9046452,166.7306081,167.2907247,146415
9/15/2021,168.0375824,168.0375824,166.3572037,167.1040403,86562
9/16/2021,166.1704865,168.0375706,165.0502388,167.6641594,342285
9/19/2021,168.0375824,168.7844189,165.236956,166.1704981,112046
9/20/2021,167.4774323,168.0375632,165.797068,168.0375632,55378
9/21/2021,165.9837952,167.1040429,165.6103698,166.9173373,54705
9/22/2021,165.2369232,166.1704652,165.0502177,165.9837596,88213
9/26/2021,165.2369232,167.1040071,164.8635121,167.1040071,46492
9/27/2021,162.99646,165.9837919,162.8097401,165.2369554,97624
9/28/2021,161.6895142,163.3698931,160.5692663,162.9964819,204869
9/29/2021,161.8761749,162.4363058,159.8223854,161.6894694,222593
9/30/2021,162.4363403,162.6230459,160.569256,162.0629292,185827
10/3/2021,161.3160706,162.6230237,160.7559396,162.6230237,69008
10/4/2021,157.955307,161.5027695,157.7686015,161.5027695,169389
10/5/2021,155.3414001,157.7686153,153.8477413,157.7686153,282545
10/6/2021,157.7686005,157.7686005,155.3413855,155.3413855,154164
10/7/2021,157.7686005,157.7686005,156.8350584,157.7686005,57926
10/10/2021,157.5818939,161.1293564,155.3413846,157.5818939,108448
10/11/2021,157.5818939,157.5818939,157.5818939,157.5818939,0
10/12/2021,154.7812958,156.0882491,154.0344592,156.0882491,195847
10/13/2021,152.5407867,154.7812965,151.2338334,154.7812965,189497
10/14/2021,152.1673737,153.1009158,148.993336,152.5407848,411654
10/17/2021,153.6610107,156.8350477,152.540749,153.1008799,200228
10/18/2021,153.1009369,153.661068,152.3541002,153.661068,99480
10/19/2021,153.2876129,154.0344495,151.7939541,154.0344495,79521
10/20/2021,158.1419983,158.5154236,151.4204992,153.4742886,201718
10/21/2021,166.357193,166.7306184,158.3287398,158.8888565,409534
10/24/2021,162.2496185,168.0375767,161.502782,167.8508711,270680
10/25/2021,161.3160706,162.2496126,158.7021499,162.2496126,155608
10/26/2021,156.8350677,160.9426472,156.8350677,160.9426472,214255
10/27/2021,157.5818939,159.6356835,156.6483519,157.021763,118395
10/28/2021,154.7812958,158.3287589,153.100917,157.5819223,140118
10/31/2021,160.8750763,160.8750763,155.437571,155.437571,212231
11/1/2021,160.8750763,163.6875775,159.9375759,160.8750763,267164
11/2/2021,163.125061,163.125061,160.5000572,160.5000572,111501
11/3/2021,163.125061,163.125061,161.2500603,162.1875607,91506
11/4/2021,162.750061,162.750061,160.3125545,162.5625495,62049
11/7/2021,162.1875153,163.6875211,161.2500152,163.1250153,97761
11/8/2021,161.0625305,161.4375249,159.3750274,161.4375249,117991
11/9/2021,159.375,160.8750057,158.4375,160.3125,104664
11/10/2021,160.1250458,160.6875373,158.4375425,159.3750427,80824
11/11/2021,159.937561,161.0625586,158.4375548,159.7500495,78121
11/14/2021,160.3125458,161.6250404,159.3750455,159.9375514,57478
11/15/2021,159.1875458,161.2500435,158.6250399,160.3125432,67411
11/16/2021,158.8125153,159.1875239,157.1250265,159.1875239,93400
11/17/2021,158.062561,158.6250526,157.3125579,158.4375554,36129
11/18/2021,158.062561,158.062561,158.062561,158.062561,0
11/21/2021,154.6875305,156.3750337,153.7500303,156.3750337,95768
11/22/2021,152.8125458,154.8750435,150.3750393,154.6875463,115374
11/23/2021,152.8125458,155.0625407,150.0000449,152.8125458,122018
11/24/2021,151.8750153,153.5625183,151.8750153,153.5625183,62382
11/25/2021,153.0000458,153.7500489,151.5000539,152.0625455,229199
11/28/2021,153.0000458,153.0000458,153.0000458,153.0000458,0
11/29/2021,146.6250153,150.0000215,146.2500209,146.2500209,137344
11/30/2021,153.9375305,153.9375305,147.1875319,149.8125353,425628
12/1/2021,153.750061,154.1250555,152.4375662,153.9375582,86110
12/2/2021,153.750061,153.750061,153.750061,153.750061,0
12/5/2021,156.9375305,157.3125392,154.6875357,154.6875357,77921
12/6/2021,152.8125458,157.8750416,152.8125458,157.8750416,105947
12/7/2021,153.750061,154.8750586,152.8125607,152.8125607,54409
12/8/2021,152.8125458,153.7500461,152.0625427,152.8125458,46039
12/9/2021,151.8750153,152.8125154,150.750018,152.8125154,54196
12/12/2021,152.2500305,152.2500305,150.9375359,150.9375359,22113
12/13/2021,152.2500305,154.6875368,152.0625333,152.437542,100891
12/14/2021,154.5000305,155.6250279,152.437533,152.8125274,104211
12/15/2021,152.2500305,154.3125425,151.687539,154.3125425,66894
12/16/2021,156.0000153,156.0000153,152.2500148,152.2500148,232568
12/19/2021,152.8125458,153.7500461,152.4375514,153.000043,81780
12/20/2021,150.1875305,152.0625309,148.6875388,151.8750338,161638
12/21/2021,150.1875305,150.3750277,149.2500303,150.0000333,192304
12/22/2021,150.9375305,152.0625279,150.1875275,150.3750247,107166
12/23/2021,152.2500305,152.2500305,150.5625416,150.9375359,96006
12/26/2021,149.6250305,152.437531,149.0625247,152.437531,52423
12/27/2021,150.0000153,150.7500182,148.5000094,149.6250209,65107
12/28/2021,150.7500305,152.2500222,149.0625273,150.0000275,92048
12/29/2021,150.0000153,152.0625126,147.7500208,150.7500182,102864
12/30/2021,151.3125305,151.6875392,149.6250416,149.6250416,64397
1/2/2022,150.0000153,150.9375154,149.8125181,150.0000153,43243
1/3/2022,151.6875458,152.0625402,149.4375366,149.4375366,117307
1/4/2022,150.375061,152.8125678,150.375061,151.8750674,118700
1/5/2022,152.4375305,152.8125249,150.3750187,150.3750187,125139
1/6/2022,151.1250153,151.8750182,150.5625238,151.8750182,70409
1/9/2022,151.1250153,151.5000239,150.5625238,150.9375181,96373
1/10/2022,152.4375305,152.6250277,150.7500274,151.1250217,179804
1/11/2022,156.3750458,156.562543,151.5000473,152.8125419,439390
1/12/2022,158.4375305,159.9375365,156.0000243,156.375033,365432
1/13/2022,161.0625305,161.0625305,157.500027,158.4375272,198745
1/16/2022,159.375,162.7500057,159.0000057,162.7500057,145775
1/17/2022,156.9375305,159.7500312,156.1875418,159.7500312,156364
1/18/2022,158.4375305,160.3125309,157.125036,157.3125332,203775
1/19/2022,155.6250305,158.4375311,155.6250305,157.6875281,109689
1/20/2022,157.5000458,157.5000458,155.0625393,156.5625455,86890
1/23/2022,154.8750458,157.3125523,153.7500483,157.3125523,83427
1/24/2022,156.3750458,158.8125379,154.8750396,154.8750396,147482
1/25/2022,158.8125153,158.8125153,155.6250206,156.3750235,85837
1/26/2022,158.8125153,158.8125153,158.8125153,158.8125153,0
1/27/2022,158.8125153,158.8125153,158.8125153,158.8125153,0
1/30/2022,158.6250305,160.3125337,158.4375333,159.9375394,87001
1/31/2022,154.6875305,158.4375313,154.6875305,158.4375313,234215
2/1/2022,154.3125,156.3749971,154.1249886,154.8749914,142702
2/2/2022,154.3125,155.6249942,153.7499943,154.3125,137591
2/3/2022,155.4375458,155.4375458,153.7500424,154.3125483,57455
2/6/2022,155.0625,156.3750086,154.125,156,85710
2/7/2022,154.6875305,155.6250307,154.1250247,155.0625249,135014
2/8/2022,155.2500153,155.6250096,154.5000124,154.6875095,122619
2/9/2022,154.8750458,155.2500545,154.1250427,155.062543,34933
2/10/2022,155.6250305,155.6250305,154.5000332,154.6875303,104496
2/13/2022,155.6250305,155.6250305,153.562533,154.6875303,237373
2/14/2022,154.8750458,156.0000433,153.9375455,154.3125542,268605
2/15/2022,157.875,158.2500086,154.6875056,155.4375085,297481
2/16/2022,164.0625305,166.5000367,157.6875265,157.8750236,770018
2/17/2022,165.0000153,165.0000153,161.6250092,164.0625152,216063
2/20/2022,161.2500458,165.0000468,160.8750514,165.0000468,290732
2/21/2022,161.2500458,161.8125517,160.3125455,161.437543,193447
2/23/2022,160.5000153,161.062521,158.4375179,161.062521,164248
2/24/2022,160.3125458,161.0625489,150.0000428,150.0000428,372901
2/27/2022,161.6250153,164.0625213,160.3125208,160.6875151,167308
2/28/2022,160.5000153,161.6250125,160.1250209,161.6250125,371243
3/1/2022,160.6875,163.1250058,159.1875085,160.3125057,214967
3/2/2022,159.0000305,159.9375307,157.5000246,159.562522,246514
3/3/2022,159.937561,159.937561,156.9375486,159.5625523,276819
3/6/2022,158.4375305,160.6875252,158.0625362,160.3125309,138660
3/7/2022,157.875,158.6250029,156.3750085,158.4375057,493198
3/8/2022,162.1875153,162.1875153,158.4375149,158.4375149,342416
3/9/2022,163.8750305,165.0000278,162.1875274,162.5625217,288352
3/10/2022,168.3750458,168.7500401,163.1250388,164.062539,462071
3/13/2022,171.3750153,173.0625182,167.8125121,168.0000093,341045
3/14/2022,169.8750305,173.2500369,166.8750328,173.2500369,354406
3/15/2022,164.6250458,170.2500471,164.6250458,168.5625439,155235
3/16/2022,170.6250305,170.6250305,164.8125323,164.8125323,170290
3/17/2022,168.7500305,171.562531,168.5625333,171.562531,267308
3/20/2022,171.7500458,172.3125517,168.0000447,169.6875481,107377
3/21/2022,176.2500305,180.562537,171.3750325,172.3125327,670453
3/22/2022,181.875061,181.875061,175.500056,177.3750567,206396
3/23/2022,179.0625458,182.8125467,177.1875453,181.8750465,127033
3/24/2022,180.0000458,180.0000458,176.0625476,180.0000458,90777
3/27/2022,180.0000458,182.0625434,178.1250453,179.8125486,98124
3/28/2022,177.1875305,180.000031,175.3125302,180.000031,133299
3/29/2022,178.8750458,179.4375373,175.6875364,177.0000453,67774
3/30/2022,178.8750458,178.8750458,176.2500423,178.5000371,52854
3/31/2022,178.5000153,178.8750239,175.3125206,178.8750239,105521
4/3/2022,179.0625458,180.000046,177.5625397,178.1250455,123292
4/4/2022,179.0625458,179.0625458,179.0625458,179.0625458,0
4/5/2022,177.1875305,177.1875305,174.9375359,176.8125362,123368
4/6/2022,178.6875458,180.1875375,174.7500334,176.2500395,211116
4/7/2022,176.2500305,177.9375337,176.2500305,177.9375337,94817
4/10/2022,176.4375458,178.1250491,176.0625514,176.2500486,62938
4/11/2022,178.125061,178.6875669,176.6250548,177.5625551,167847
4/12/2022,179.0625458,180.9375463,176.2500451,177.7500512,189313
4/13/2022,178.6875458,180.0000403,176.2500395,180.0000403,94030
4/14/2022,178.5000153,179.062521,177.0000237,178.1250209,106492
4/17/2022,179.4375458,180.0000517,175.8750562,178.1250511,114687
4/18/2022,188.062561,189.3750557,179.4375471,179.4375471,538775
4/19/2022,184.7697754,190.7907952,179.6895529,188.7210755,275056
4/20/2022,192.8605347,199.2578626,185.3342699,185.3342699,604442
4/21/2022,187.5921478,193.6131684,187.5921478,192.860539,246208
4/24/2022,185.7105713,187.4039837,182.8882221,187.2158299,163591
4/25/2022,191.5434723,193.6131925,185.7106048,186.0869267,395648
4/26/2022,192.296051,193.0486803,189.2855481,192.6723729,214430
4/27/2022,190.9789734,193.2368471,189.8500365,192.6723859,129257
4/28/2022,188.156601,191.1671037,188.156601,191.1671037,196056
5/8/2022,187.2402191,190.8300951,186.6734057,190.8300951,125248
5/9/2022,190.4522858,192.5306312,186.4845184,188.5628782,287722
5/10/2022,189.3186035,193.8531839,187.4291962,188.5628521,317671
5/11/2022,191.9637909,195.9315436,189.3186176,189.3186176,319430
5/12/2022,184.4061279,192.3416463,183.6503622,191.2079905,270137
5/15/2022,192.15271,192.5306001,184.7840333,184.7840333,292508
5/16/2022,201.2218628,204.0559735,192.5305927,193.4752963,1034417
5/17/2022,202.1665497,203.1112532,194.7978595,201.2218462,445843
5/18/2022,202.1665497,202.1665497,202.1665497,202.1665497,0
5/19/2022,205.0006866,205.3785623,193.4753053,194.6089468,375573
5/22/2022,211.6136017,213.8808845,202.3555037,204.0559731,255912
5/23/2022,208.0237427,213.5030268,205.9453975,213.5030268,393318
5/24/2022,212.3693848,212.3693848,207.0790385,207.8348043,468242
5/25/2022,214.069809,215.9592159,208.0236982,208.0236982,469233
5/26/2022,210.1020813,217.2818346,208.9684398,216.337131,483638
5/29/2022,203.3001862,212.9361588,203.1112483,208.0237036,319771
5/30/2022,201.599762,204.0559973,198.0098995,204.0559973,582749
5/31/2022,201.9776306,203.111272,195.5536433,203.111272,3520701
6/1/2022,200.2771606,202.3555057,198.1988156,200.2771606,304566
6/2/2022,194.9868011,203.1112572,193.0973941,203.1112572,524327
6/5/2022,189.8854218,195.5536433,189.8854218,195.1757676,225014
6/6/2022,193.6642303,196.3094032,190.6411818,191.5858854,312557
6/7/2022,190.2633057,194.9868238,187.4291948,194.9868238,320181
6/8/2022,186.6734161,189.8854023,185.3508226,189.8854023,243038
6/9/2022,190.6411743,191.39694,185.161891,186.4844702,275640
6/12/2022,189.5075684,191.0190856,185.5398013,185.5398013,106748
6/13/2022,189.3186035,192.5306045,187.0513205,187.0513205,305477
6/14/2022,194.6089325,194.6089325,187.051304,188.9407112,244012
6/15/2022,195.1757202,196.4982992,190.830079,194.6088924,229486
6/16/2022,192.3416901,198.9546163,191.0190962,196.4983808,513191
6/19/2022,187.0513458,191.7748647,185.539814,191.7748647,182994
6/20/2022,186.1065979,188.3738806,184.9729565,186.6734258,105292
6/21/2022,188.9407043,191.207987,186.1065938,186.1065938,278719
6/22/2022,187.2402191,188.9406882,185.1618744,188.9406882,108076
6/23/2022,185.1618805,187.9959909,184.217177,187.0512874,76975
6/26/2022,187.8070984,188.9407399,187.0513325,187.9960362,49896
6/27/2022,187.6181335,191.2079956,186.67343,188.5628371,145095
6/28/2022,186.1065979,187.4291771,185.7287222,186.4844736,202001
6/29/2022,186.1065979,187.6181293,185.3508322,187.6181293,87600
6/30/2022,183.0835266,186.1065747,183.0835266,186.1065747,254393
7/3/2022,180.2494507,184.0282651,178.5489813,183.2724993,171192
7/4/2022,176.6595917,181.1941723,172.3139489,181.1941723,231498
7/5/2022,181.3830719,182.705651,176.6595544,176.6595544,170033
7/6/2022,180.4384003,181.9499319,177.6042893,180.4384003,169472
7/13/2022,183.2724915,187.2402435,180.8162564,181.76096,299364
7/14/2022,184.2171936,186.2955385,181.3830829,183.27249,183101
7/17/2022,184.5950623,187.0512972,183.839311,187.0512972,287865
7/18/2022,184.9729919,186.2955714,183.4614602,184.7840541,141344
7/19/2022,186.6734161,187.0512918,184.5950569,184.972947,204913
7/20/2022,189.6964874,190.2633009,185.5397829,186.8623766,181165
7/21/2022,190.4522858,190.8301615,187.9960502,190.8301615,233199
7/24/2022,188.9407043,191.0190492,188.7517665,190.4522357,85779
7/25/2022,188.7518005,190.8301458,188.5628627,188.5628627,203137
7/26/2022,191.7748413,192.5306071,188.9407304,188.9407304,131264
7/27/2022,191.7748413,194.0421243,190.8301377,191.9637792,164704
7/28/2022,194.6089325,194.6089325,191.0190561,191.0190561,255989
7/31/2022,198.0098724,200.466093,194.7978717,195.5536374,130744
8/1/2022,199.8992767,199.8992767,196.8762138,198.3877453,130755
8/2/2022,202.1665497,202.1665497,198.3877357,200.0882049,171797
8/3/2022,204.055954,204.055954,198.7656087,198.7656087,126246
8/4/2022,206.8901062,206.8901062,203.1112915,205.0006988,83300
8/7/2022,205.9453888,207.834796,205.0006852,205.9453888,98541
8/8/2022,204.8117523,206.7011596,201.5997513,205.9453938,135284
8/9/2022,202.7333984,206.3232606,201.9776327,206.3232606,131218
8/10/2022,204.055954,204.055954,202.5444226,202.5444226,58059
8/11/2022,203.8670044,205.1895834,202.3554731,205.1895834,112633
8/14/2022,202.9754639,204.8724308,202.0269804,204.8724308,40270
8/15/2022,202.7857971,203.3548786,201.6476197,202.9754909,96397
8/16/2022,202.5960846,203.7342619,199.371232,202.9754722,122962
8/17/2022,201.8372955,202.7857791,201.0785058,202.7857791,117148
8/18/2022,199.3712311,202.9754713,199.3712311,202.9754713,108536
8/21/2022,199.3712311,199.3712311,199.3712311,199.3712311,0
8/22/2022,201.0785065,202.9754735,200.1300229,201.0785065,80365
8/23/2022,199.3712311,203.1651651,199.3712311,200.6991167,128111
8/24/2022,199.5609436,201.0785232,198.4227662,201.0785232,94038
8/25/2022,199.3712311,199.940327,198.04336,199.3712311,117244
8/28/2022,200.3197327,201.0785224,196.3361045,197.4742819,61016
8/29/2022,198.233017,201.078467,198.233017,200.3196774,108931
8/30/2022,192.5421143,198.80211,192.1627267,198.80211,209497
8/31/2022,189.6966858,194.6287967,188.7482024,192.5421361,418241
9/1/2022,184.7645721,190.0760706,182.1088157,189.696683,351708
9/4/2022,189.6966858,190.0760734,183.0573018,184.9542686,241407
9/5/2022,189.127594,191.5936568,188.1791105,191.5936568,152832
9/6/2022,186.0924683,190.0760962,186.0924683,189.1276127,101484
9/7/2022,186.8512421,188.9379028,186.0924524,186.0924524,126894
9/8/2022,186.6615601,188.7482209,184.764593,188.7482209,107868
9/11/2022,186.8512421,189.5069987,186.6615483,189.5069987,60237
9/12/2022,189.8863678,190.6451574,186.8512239,188.7481906,136447
9/13/2022,187.7997131,191.2142592,187.2306173,189.8863737,117405
9/14/2022,186.8512421,188.3688214,186.0924524,186.2821462,91050
9/15/2022,189.3173065,189.3173065,185.9027602,186.8512437,181255
9/18/2022,184.0057831,186.6615395,181.5397204,184.9542665,107505
9/19/2022,186.6615601,188.5585271,181.9191424,181.9191424,135062
9/20/2022,188.3688354,190.834884,187.0409498,187.0409498,143465
9/21/2022,194.4390869,195.577264,188.3687993,188.3687993,273494
9/25/2022,191.5936737,194.2494305,186.4718684,190.6451902,222976
9/26/2022,186.8512421,192.5421428,186.8512421,189.1275966,182241
9/27/2022,188.3688354,190.6451901,187.2306436,187.2306436,220282
9/28/2022,191.5936737,197.2845749,188.9379169,191.4039799,289266
9/29/2022,197.2845612,200.1300116,191.7833542,191.7833542,266127
10/2/2022,198.6124268,204.4930357,197.2845557,200.1300061,290322
10/3/2022,205.6312408,205.6312408,198.0433723,198.6124537,350522
10/4/2022,205.6312408,205.6312408,205.6312408,205.6312408,0
10/5/2022,219.4790649,220.8069505,213.4087766,215.3057435,495719
10/6/2022,218.9099731,224.4111798,216.2542167,219.6687628,277389
10/9/2022,212.4603119,217.9615193,211.5118284,217.2027296,106776
10/10/2022,220.4275513,222.1348244,210.563329,210.563329,226989
10/11/2022,223.6524048,225.3596779,218.1511978,219.0996812,295648
10/12/2022,225.5493774,226.6875547,221.9451373,222.1348311,228906
10/13/2022,220.9966888,225.9288009,218.7203339,223.8421398,174761
10/16/2022,218.9099731,220.9966337,217.2027001,220.9966337,54486
10/17/2022,222.7039185,224.2214833,218.151195,218.151195,107033
10/18/2022,225.7390747,226.1184623,220.9966572,223.8421077,151183
10/19/2022,225.5493774,226.8772485,223.8421043,225.7390712,95855
10/20/2022,228.2051392,228.2051392,224.031803,224.031803,190958
10/23/2022,225.5493774,228.2051341,224.7905878,227.6360382,98550
10/24/2022,221.5657349,225.7390562,218.3408825,224.9802665,290920
10/25/2022,223.0832977,225.7390542,219.0996703,220.2378475,264695
10/26/2022,221.5657349,224.0317831,218.1511887,223.6523955,175545
10/27/2022,219.4790649,222.1348215,218.1511939,221.5657401,112355
10/30/2022,221.4402313,224.677099,219.9169909,220.8690125,42629
10/31/2022,221.4402313,221.4402313,221.4402313,221.4402313,0
11/1/2022,215.9185028,216.2993056,213.2528394,215.7281014,132529
11/2/2022,214.2048492,216.6801111,211.539186,214.2048492,260988
11/3/2022,211.7296143,214.014475,209.0639652,214.014475,373339
11/6/2022,211.3488007,216.1089088,211.3488007,216.1089088,54778
11/7/2022,212.8720398,215.9185061,210.3967778,211.5392008,161494
11/8/2022,210.3968201,214.2049073,208.6831779,213.6336884,113590
11/9/2022,206.3983002,210.3967883,205.2558771,210.0159854,126928
11/10/2022,201.6381989,206.3983073,199.543754,206.3983073,180494
11/13/2022,201.4477844,205.6366738,194.2124142,205.6366738,205385
11/14/2022,200.8765869,204.8750753,196.4972811,199.9245652,211759
11/15/2022,197.8301086,202.3998156,196.4972696,200.8765751,141729
11/16/2022,206.0174713,206.0174713,197.068474,200.3053416,183136
11/17/2022,209.0639496,209.8255552,204.6846444,205.4462646,138649
11/20/2022,211.3488007,211.3488007,206.9694954,210.2063776,35942
11/21/2022,218.0129395,220.4882013,209.0639425,211.3487885,246546
11/22/2022,209.8255615,217.4417346,208.1119342,217.4417346,400995
11/24/2022,199.9245453,208.1119372,199.9245453,207.5407184,250334
11/27/2022,204.6846466,205.6366682,195.9260507,202.9710048,78768
11/28/2022,206.7790833,209.2543452,198.9725092,202.0189754,166672
11/29/2022,213.4432678,214.585691,206.5887143,206.7791157,224348
11/30/2022,213.4432678,213.4432678,213.4432678,213.4432678,0
12/1/2022,213.4432678,213.4432678,213.4432678,213.4432678,0
12/4/2022,220.1073914,223.7250763,217.2513266,222.9634562,42592
12/5/2022,208.1119385,218.9649795,208.1119385,218.9649795,140820
12/6/2022,208.3023224,212.8720288,204.3038347,208.111921,152785
12/7/2022,202.9710083,210.2063785,202.9710083,210.2063785,151094
12/8/2022,208.4927368,209.254357,200.4957609,206.2078907,124706
12/11/2022,204.4942474,208.6831368,203.1614084,208.6831368,55816
12/12/2022,208.8735504,208.8735504,201.257377,203.1614203,139587
12/13/2022,208.683136,215.1568859,208.4927346,208.8735374,203224
12/14/2022,218.9650116,220.1074348,209.0639908,209.0639908,302267
12/15/2022,217.2513123,218.0129324,213.0624233,218.0129324,375736
12/18/2022,214.9664612,216.1088841,208.8735148,212.8720168,75099
12/19/2022,208.4927368,213.252845,204.6846503,213.252845,144923
12/20/2022,206.9695282,208.4927688,198.9725511,208.4927688,328648
12/21/2022,203.5422211,205.8270671,202.7806009,205.8270671,105537
12/22/2022,202.3997955,203.7326199,202.2093796,203.5422185,64171
12/25/2022,201.4477844,204.1134334,201.0669671,202.3998061,47894
12/26/2022,200.4957581,203.161407,198.020496,201.4477797,108989
12/27/2022,204.3038788,205.0654846,200.6861931,201.2573975,109562
12/28/2022,209.4447784,209.4447784,202.7806264,205.6366916,96996
12/29/2022,210.0159912,210.2063926,207.1599261,209.4447724,71082
1/1/2023,212.1104431,213.2528663,209.2543779,210.0159982,33081
1/2/2023,209.6351776,213.0624616,209.4447762,213.0624616,40076
1/3/2023,209.6351776,209.6351776,209.6351776,209.6351776,0
1/4/2023,210.3968201,214.0145059,209.2543968,210.0160172,107563
1/5/2023,210.3968201,211.3488419,206.0175139,210.3968201,125312
1/8/2023,211.3488007,212.3008223,210.396779,210.396779,30405
1/9/2023,212.6816406,212.8720566,209.8255755,210.5871958,87404
1/10/2023,213.0624542,216.1089207,209.6351704,212.6816368,160636
1/11/2023,210.9680023,212.6816297,210.5871849,212.3008268,110849
1/12/2023,208.8735504,211.539214,208.683149,211.3488126,142450
1/15/2023,208.8735504,208.8735504,208.8735504,208.8735504,0
1/16/2023,210.0159912,211.3488158,209.6351738,211.1584143,68817
1/17/2023,213.8240814,213.8240814,210.206396,210.3967975,167340
1/18/2023,213.8240814,213.8240814,210.206396,210.3967975,167340
1/19/2023,216.8705292,218.0129522,211.5392023,211.5392023,115471
1/22/2023,216.8705292,216.8705292,216.8705292,216.8705292,0
1/23/2023,216.8705292,217.251332,214.2048657,214.7760845,73845
1/24/2023,217.2513123,220.4881942,215.5376706,216.2992907,139571
1/25/2023,223.7251129,224.2963318,217.8225809,218.0129824,178511
1/26/2023,228.1044006,228.1044006,221.8210517,223.9154965,131002
1/29/2023,223.7251129,228.1044188,222.0114708,228.1044188,74628
1/30/2023,223.3442993,225.4387442,221.8210588,223.9155036,145284
1/31/2023,222.7730865,223.1538894,218.2033793,223.1538894,154084
2/1/2023,228.6755981,229.4372184,221.4402423,222.7730668,137494
2/2/2023,221.0594177,228.4851893,220.8690163,228.4851893,106675
2/5/2023,216.1088867,221.8210159,214.9664638,221.0593958,99818
2/6/2023,222.0114594,222.0114594,213.0624611,216.1089277,136467
2/7/2023,217.0609283,222.0114378,215.5376879,222.0114378,155221
2/8/2023,217.8225555,219.3457815,215.5376949,218.3937598,91326
2/9/2023,215.1568909,217.8225544,214.2048692,217.8225544,61053
2/12/2023,215.1568909,215.1568909,215.1568909,215.1568909,0
2/13/2023,221.6306763,223.3443184,215.7281441,217.0609688,362014
2/14/2023,220.8690033,222.0114263,218.9649602,219.1553616,257200
2/15/2023,232.2932892,233.6261137,221.4402479,221.6306493,415911
2/16/2023,231.1508636,233.8165272,229.8180246,232.2932867,158109
2/19/2023,229.2468109,231.3412556,226.5811474,231.3412556,56303
2/20/2023,227.342804,231.531694,226.7715851,229.437249,87828
2/21/2023,221.2498016,227.1523468,220.1073787,227.1523468,139086
2/23/2023,222.7730865,224.8675315,221.249846,222.2018677,320367
2/26/2023,224.2355042,225.5736471,223.2796836,225.5736471,51250
2/27/2023,221.5591736,224.617796,218.5005512,224.2354736,176085
2/28/2023,221.5591736,222.514994,220.0298551,221.5591736,526649
3/1/2023,226.5294647,228.4411058,221.5592009,222.5150214,207
3/2/2023,229.9704132,231.1173949,226.911776,226.911776,82
3/5/2023,229.3969116,230.5438933,228.4410912,228.6322523,100
3/6/2023,229.3969116,229.3969116,229.3969116,229.3969116,0
3/7/2023,229.3969116,229.3969116,229.3969116,229.3969116,0
3/8/2023,236.8523102,237.9992918,234.5583324,236.0876509,83
3/9/2023,236.8523102,236.8523102,236.8523102,236.8523102,0
3/12/2023,236.8523102,236.8523102,236.8523102,236.8523102,0
3/13/2023,236.8523102,236.8523102,236.8523102,236.8523102,0
3/14/2023,235.1318359,243.7342202,234.3671766,238.5727955,4623
3/15/2023,238.3816071,239.9109256,233.7936807,234.176003,164
3/16/2023,233.2201996,238.9551225,231.1173974,238.3816244,562
3/19/2023,233.2201996,233.2201996,233.2201996,233.2201996,0
3/20/2023,247.5575104,251.3807924,242.7784079,242.7784079,800
3/21/2023,252.145462,252.145462,246.9840366,249.0868536,70
3/22/2023,247.366333,255.2040728,243.5430656,255.2040728,60
3/23/2023,250.6161499,256.5422196,247.3663368,248.5133331,160
3/26/2023,250.6161499,250.6161499,250.6161499,250.6161499,0
3/27/2023,250.6161499,250.6161499,250.6161499,250.6161499,0
3/28/2023,250.6161499,250.6161499,250.6161499,250.6161499,0
3/29/2023,272.4088745,272.4088745,265.909306,267.6297715,3965
3/30/2023,278.526062,284.8344826,272.4088172,272.4088172,151
4/2/2023,278.526062,278.526062,278.526062,278.526062,0
4/3/2023,273.5558167,278.143743,268.394363,273.3646409,1140
4/4/2023,269.7324829,276.2320489,268.011989,275.8497266,105
4/5/2023,255.5863495,271.6441485,254.6305292,271.4529727,142
4/6/2023,257.1157532,259.0273945,252.33665,256.1599325,110
4/9/2023,254.6305847,259.6008632,253.2924418,259.6008632,238
4/10/2023,255.2040405,257.6891793,254.2482202,255.2040405,120
4/11/2023,255.5863495,256.9244921,254.8217049,255.2040272,94
4/12/2023,255.3952637,259.0273701,255.2040879,255.7775861,236
4/13/2023,259.0273132,261.1301297,253.2923912,255.7775299,100
4/16/2023,259.9831848,261.8948259,258.6450419,259.0273643,790
4/17/2023,266.4826965,266.4826965,261.7035949,261.7035949,500
4/25/2023,266.6739502,271.4530532,262.659492,267.6297708,487
4/26/2023,271.0707397,271.0707397,263.806497,265.7181383,96
4/27/2023,274.3204346,274.3204346,270.4971533,271.2617978,85
4/30/2023,274.3204346,274.3204346,274.3204346,274.3204346,0
5/1/2023,274.3204346,274.3204346,274.3204346,274.3204346,0
5/2/2023,281.5846863,281.7758329,277.7614048,280.8200125,222
5/3/2023,279.8642578,284.2610384,278.1437924,280.0554336,309
5/4/2023,283.8786316,283.8786316,277.7613875,278.7172078,113
5/7/2023,283.6875,286.7461371,281.7758591,284.8344962,270
5/8/2023,280.0553894,283.8786712,278.3349243,283.8786712,170
5/9/2023,276.2321167,282.3493619,274.1293,280.0553986,280
5/10/2023,274.3204346,278.1437159,273.1734385,277.5702179,200
5/11/2023,273.1734924,275.2763092,272.4088477,274.8939869,200
5/14/2023,271.4469604,276.6265079,270.1041191,276.6265079,100
5/15/2023,266.842926,273.9408266,264.9245729,271.4469617,110
5/16/2023,272.4061279,272.9816397,267.4183984,268.1857572,100
5/17/2023,273.5572205,273.7490382,270.6796902,272.4061967,94
5/18/2023,272.5979919,275.4755216,270.6796388,274.132651,85
5/21/2023,271.8306274,272.4061392,268.7612801,272.4061392,100
5/22/2023,268.569458,272.5980116,266.6511047,272.5980116,54
5/23/2023,269.3368225,271.4470231,267.9939809,271.4470231,69
5/24/2023,268.185791,269.7204795,263.7735727,269.3367854,100
5/25/2023,265.500061,267.8021082,263.7735549,267.6102612,55
5/28/2023,261.8552246,264.7327546,261.8552246,264.7327546,200
5/29/2023,257.8266602,263.198055,257.8266602,263.198055,200
5/30/2023,259.1694946,262.2388418,258.5939829,260.1286711,350
5/31/2023,256.1001282,260.320499,253.2225986,260.320499,400
6/1/2023,251.3043213,257.0593821,250.3451445,256.1002053,91
6/4/2023,256.1001282,258.4021459,252.0715751,252.0715751,136
6/5/2023,261.2796936,261.2796936,258.2103461,258.7858287,200
6/6/2023,261.8552246,262.6225542,259.5532065,260.896048,100
6/7/2023,261.8552246,263.1980661,260.5123832,262.4307365,250
6/8/2023,251.3043213,257.0593821,250.3451445,256.1002053,4699
6/11/2023,258.2103882,260.1287416,256.8675173,257.6348763,100
6/12/2023,257.6348267,259.5531798,256.1001383,258.2103384,270
6/13/2023,257.0592957,260.3204898,254.3736132,259.9368251,60
6/14/2023,262.8143616,264.7327146,257.6348143,258.0184791,215
6/15/2023,264.1572266,267.4184211,259.9368554,263.389897,100
6/18/2023,270.8714905,272.406179,263.5817418,264.1572537,170
6/19/2023,266.842926,273.3653148,266.0755672,270.4877852,333478
6/20/2023,268.7612915,270.4877977,264.5408911,264.7327381,193762
6/21/2023,272.2142944,272.4061415,267.0347469,267.0347469,147259
6/22/2023,274.5163269,277.2020094,270.8714386,272.4061269,212597
7/2/2023,280.0795593,280.0795593,275.2836765,275.2836765,112284
7/3/2023,281.6142578,282.9570992,276.6265277,278.1612162,266048
7/4/2023,277.2020264,281.0387326,274.9000085,281.0387326,264719
7/5/2023,272.7898254,280.0795736,270.4878074,277.2020438,219518
7/6/2023,275.2836914,276.242868,270.4878083,273.3653382,255607
7/9/2023,278.1612549,279.1204316,275.2837247,275.2837247,92903
7/10/2023,276.6265869,279.3122996,276.242922,278.1612757,266921
7/11/2023,284.8753967,285.8345731,276.4346559,276.6264737,327993
7/12/2023,285.4509277,289.4794514,281.4223748,285.6427455,196417
7/13/2023,281.9979248,285.6427842,278.9285479,285.6427842,178356
7/16/2023,286.6019592,287.5611358,281.0387466,281.9979232,191352
7/17/2023,292.5488281,293.5080046,285.6427457,287.7529457,317990
7/18/2023,286.7937927,295.4263818,285.6427691,292.5488521,378021
7/19/2023,290.4386292,292.5488291,286.9856172,286.9856172,201965
7/20/2023,291.3978577,295.4264113,291.0141929,291.5897047,206311
7/23/2023,288.5203247,291.5897017,285.8346418,291.5897017,102744
7/24/2023,284.2999268,288.7121448,283.5325972,288.5202978,144829
7/25/2023,288.5203247,288.7121717,284.6836181,287.3693303,115733
7/26/2023,286.7937927,288.7121459,282.9570865,288.5202988,122405
7/27/2023,280.0795593,286.7937953,280.0795593,286.7937953,165151
7/30/2023,281.9979248,284.2999428,280.2714186,280.2714186,73723
7/31/2023,277.2020264,281.4223974,274.1326497,281.0387326,143527
8/1/2023,272.9816284,279.5040167,271.8306049,277.201999,138798
8/2/2023,273.5572205,274.5163972,268.7613367,272.9817086,105292
8/3/2023,272.9816284,276.0509755,270.8714285,276.0509755,79231
8/6/2023,274.1326294,276.0509824,272.9816352,275.2836529,44663
8/7/2023,270.2959595,274.9000248,269.7204769,274.1326659,86075
8/8/2023,265.500061,272.9816558,263.965402,272.406144,137089
8/9/2023,259.3613892,266.0756265,259.1695714,265.6919616,174743
8/10/2023,255.7164764,260.896024,255.3328117,259.3613357,262380
8/13/2023,260.9155273,262.2634246,256.6792664,257.256945,164533
8/14/2023,255.9090118,261.8783086,255.1387933,261.8783086,237332
8/15/2023,256.101593,258.4122782,255.3313744,256.8718116,161071
8/16/2023,253.4057922,257.6420532,253.2132229,257.6420532,190063
8/17/2023,250.3248596,253.4057927,249.1695024,253.2132234,246026
8/20/2023,252.0578461,253.2132032,249.3620519,250.517409,138826
8/21/2023,250.3248596,254.3685806,250.1322903,252.2504355,111666
8/22/2023,247.8216095,252.2504399,246.2811576,252.2504399,166144
8/23/2023,245.703476,249.362073,244.5481334,247.6290665,235677
8/24/2023,245.5109253,249.3620771,244.9332467,245.7034799,311827
8/27/2023,245.3183746,247.6290745,245.3183746,246.4737172,80783
8/28/2023,239.9267731,248.78442,239.7342184,246.6663039,440412
8/29/2023,240.504425,242.8151102,238.1937252,239.9267464,365360
8/30/2023,238.5788574,242.6225639,236.8458362,242.2374546,488236
8/31/2023,233.9574738,239.9267562,233.9574738,238.9639682,680889
9/3/2023,233.3797913,235.8830458,232.031894,234.3425792,151999
9/4/2023,235.3053741,239.156526,232.2244556,234.9202648,393596
9/5/2023,242.6225739,242.6225739,233.9574819,235.8830579,600157
9/6/2023,236.8458405,242.8151229,234.9202645,242.6225683,541252
9/7/2023,234.5351257,238.0011532,232.2244261,236.8458107,523355
9/10/2023,234.5351257,234.5351257,234.5351257,234.5351257,0
9/11/2023,229.1435242,234.5351424,227.2179483,234.342573,415961
9/12/2023,226.255188,231.0691282,221.0561385,231.0691282,691068
9/13/2023,226.4477386,230.1063361,222.9817106,222.9817106,425581
9/14/2023,227.6030579,230.4914216,225.0998181,228.9509698,337320
9/17/2023,234.5351257,236.4607014,227.7956108,228.1807201,189922
9/18/2023,228.5658569,239.9267579,227.988193,235.8830513,440511
9/19/2023,227.9881897,229.5286416,224.9072712,229.1435323,220483
9/20/2023,223.944458,228.7583972,223.944458,228.1807186,276976
9/21/2023,225.8700562,226.2551655,223.3668016,225.2923775,168203
9/25/2023,222.0188904,227.217939,221.8263211,225.8700419,213909
9/26/2023,224.1370087,224.3295633,218.3602817,223.1742208,183251
9/27/2023,227.6030579,231.0691002,221.2486664,225.2923727,247719
9/28/2023,226.83284,230.6839916,225.2923734,230.6839916,251437
10/1/2023,226.83284,226.83284,226.83284,226.83284,0
10/2/2023,234.9202576,240.6969852,232.2244484,232.9946817,283606
10/3/2023,232.224472,236.0756242,232.224472,234.9202815,191819
10/4/2023,226.255188,232.2244709,223.9445026,232.2244709,249726
10/5/2023,227.2179718,229.5286572,222.2114771,227.6030811,265124
10/8/2023,225.677475,230.4914144,221.0561049,227.0253868,194375
10/9/2023,222.404007,229.1435223,221.8263283,226.2551586,292412
10/10/2023,225.0998383,226.6402902,220.8635622,224.3296049,257662
10/11/2023,219.1305389,225.0998212,218.745415,225.0998212,360228
10/12/2023,218.5528717,220.863557,215.2793984,219.1305504,198779
10/15/2023,221.0561066,223.7519009,218.5528522,218.5528522,95846
10/16/2023,219.5156403,222.5965586,217.2049552,221.0561068,184627
10/17/2023,221.8262939,226.0625689,219.7081638,219.7081638,178973
10/18/2023,219.5156403,223.9444705,219.5156403,222.4040039,204412
10/19/2023,221.4412231,222.4040111,219.130538,222.4040111,84761
10/22/2023,219.5156403,224.9072584,219.3230856,221.4412161,88811
10/23/2023,217.5900574,222.0188874,217.5900574,219.7081877,123805
10/24/2023,217.3975067,220.0933157,214.8942523,219.1305278,140774
10/25/2023,223.3667908,224.3295787,215.471933,216.0495969,162358
10/26/2023,216.8198395,223.3668004,216.8198395,223.3668004,166572
10/29/2023,230.6840057,232.994691,222.4040232,224.3295992,365999
10/30/2023,243.3927917,248.399286,232.8021245,233.1872338,704194
10/31/2023,242.6225739,248.9769805,238.7714219,243.7779165,398461
11/1/2023,247.4364929,248.9769595,240.6969775,242.815108,389214
11/2/2023,246.8588104,251.2876406,243.5853375,247.436489,250923
11/5/2023,242.7675781,248.1839125,241.6069393,247.9904604,151648
11/6/2023,249.5379791,249.5379791,241.4134927,241.4134927,257528
11/7/2023,253.4068451,253.4068451,246.8298706,249.5380383,224665
11/8/2023,257.0821228,265.0131862,252.8264425,253.6002213,499408
11/9/2023,246.8298035,257.0821298,246.2494915,257.0821298,317014
11/12/2023,252.2461548,255.3412116,247.0232723,247.0232723,128279
11/13/2023,250.6986389,253.9871181,248.1839091,252.0527151,123441
11/14/2023,253.9871216,255.7280725,250.892065,251.2789397,89813
11/15/2023,255.3412323,255.7281071,251.8593005,254.1805785,104414
11/16/2023,254.760849,256.3083772,251.6658222,254.3739743,149410
11/19/2023,251.6658478,254.954327,250.311742,254.3740002,139693
11/20/2023,253.4068451,253.4068451,250.3117878,252.0527686,285112
11/21/2023,253.4068451,253.4068451,251.4724417,251.4724417,133719
11/22/2023,253.9871216,255.3411978,251.4723918,253.4067948,101117
11/23/2023,253.9871216,255.3411978,251.4723918,253.4067948,101117
11/26/2023,252.4395599,255.3411641,251.8592332,255.3411641,63598
11/27/2023,259.2099915,260.7575197,252.0527065,252.4395812,224372
11/28/2023,268.882019,269.6557684,259.210004,259.210004,471895
11/29/2023,266.9476318,268.882035,265.2066808,268.882035,225531
11/30/2023,272.750824,272.750824,263.4656836,265.4000866,341700
12/3/2023,274.4917603,274.6852124,268.8820036,271.783608,207005
12/4/2023,272.750824,277.5868315,271.5901704,274.4917749,223137
12/5/2023,276.6196289,277.5868304,270.0426705,272.7508229,242851
12/6/2023,273.5245972,277.1999809,271.2033193,276.4262019,170053
12/7/2023,272.557373,273.5245746,269.8492206,273.5245746,112673
12/10/2023,270.4295654,272.3639686,269.0754891,271.7836417,86559
12/11/2023,266.1738586,270.8164139,265.7869544,270.8164139,116720
12/12/2023,269.0754395,269.0754395,262.4984523,265.9803832,108349
12/13/2023,267.9148254,269.4623538,266.9476239,269.0754791,52886
12/14/2023,269.2688904,273.3311485,267.7213621,268.1082663,243644
12/17/2023,272.750824,273.3311508,268.882018,269.4623448,92920
12/18/2023,268.1082764,272.7508319,266.560748,272.7508319,149758
12/19/2023,264.8197327,267.914789,264.432858,267.914789,152606
12/20/2023,266.7541199,267.9147733,264.8197172,264.8197172,75163
12/21/2023,267.1410828,268.6885816,265.2066796,266.7541785,76411
12/24/2023,269.8492126,270.622962,267.527935,268.8820112,58280
12/25/2023,272.557373,273.5245746,270.0426727,270.8164221,92212
12/26/2023,273.1376953,274.8786757,272.5573685,272.5573685,115132
12/27/2023,272.750824,273.3311508,269.8492195,272.750824,115921
12/28/2023,274.4917603,274.6852124,271.3967333,272.7508094,102282
12/31/2023,274.6851807,275.652382,272.750778,275.652382,65796
1/1/2024,278.7474365,278.9408591,274.8786312,275.8458325,139719
1/2/2024,278.5540161,279.5212176,275.6524118,277.9736893,250818
1/3/2024,281.6490479,286.8719293,275.8458397,276.619589,446130
1/4/2024,278.9409485,282.2294282,276.6196704,281.4556787,259399
1/7/2024,277.0065002,281.455633,277.0065002,280.8753062,205781
1/8/2024,281.4556274,282.4228289,274.6852172,278.554023,250915
1/9/2024,286.0982056,287.4523113,280.8753231,281.45565,220794
1/10/2024,282.8096924,287.452277,282.6162698,286.2916234,84368
1/11/2024,280.4884644,285.1310202,280.4884644,282.8097423,108358
1/14/2024,277.0065002,281.6490851,275.0720973,280.4884315,87337
1/15/2024,271.7836304,278.360589,270.8164288,275.8458886,270449
1/16/2024,274.8786621,276.6196129,268.6885493,271.7836057,233046
1/17/2024,276.6196289,279.3277813,274.2983512,275.6524274,116753
1/18/2024,270.6229248,277.0064596,270.0426276,276.619585,198069
1/21/2024,274.4917603,276.4261632,272.1704827,274.4917603,65640
1/22/2024,274.4917603,274.4917603,274.4917603,274.4917603,0
1/23/2024,282.0359497,283.5834779,278.7474707,282.4228244,101665
1/24/2024,285.9047852,285.9047852,279.9081237,282.0359789,134725
1/25/2024,285.9047852,288.6129377,284.3572568,286.2916599,162752
1/28/2024,285.9047852,288.226063,285.1310062,285.9047852,50810
1/29/2024,281.2621765,285.3244345,280.6818792,284.1637809,121052
1/30/2024,277.5868225,284.3572328,276.619621,284.3572328,134818
1/31/2024,280.4884644,283.196617,277.5868596,277.5868596,167401
2/1/2024,283.1965637,284.7440919,277.973682,281.455613,144017
2/4/2024,291.9013672,293.0620207,282.2293533,283.1965547,193723
2/5/2024,293.0620728,296.3505522,285.9047871,289.3867186,296827
2/6/2024,302.9275208,303.7012701,292.2883043,293.0620537,510246
2/7/2024,300.9931335,306.6028907,298.4784036,302.9275366,293922
2/8/2024,300.9931335,306.6028907,298.4784036,302.9275366,293922
2/11/2024,304.2815857,309.5044677,301.1865292,307.5700648,116357
2/12/2024,304.0881348,306.4094124,296.7373977,306.0225377,282622
2/13/2024,304.0881348,306.0225377,301.3799825,305.4422109,147454
2/14/2024,304.6685181,304.8619702,298.2849813,298.2849813,200963
2/15/2024,309.5044556,311.2454063,304.0881217,305.4421978,257064
2/18/2024,310.4717102,315.114266,306.796356,311.4389118,254432
2/19/2024,318.7896118,320.7240148,309.1175971,310.6651253,332016
2/20/2024,321.1108704,335.4254395,315.1142098,321.1108704,668126
2/21/2024,325.5599976,327.4944004,324.0124694,324.7862187,344439
2/25/2024,322.211731,326.0938,320.2706964,325.1232827,150245
2/26/2024,321.0471191,324.5409874,320.2707171,323.1822691,225553
2/27/2024,321.6293945,323.9586299,317.941441,321.2411936,157104
2/28/2024,321.4353333,323.7645688,319.3001834,321.6294189,147501
2/29/2024,319.6884155,322.2117666,315.8063461,321.4353646,386320
3/3/2024,316.1945496,319.1061017,316.1945496,316.1945496,60737
3/4/2024,319.4943237,323.1822778,316.9709727,320.2707258,166991
3/5/2024,319.4943237,319.4943237,319.4943237,319.4943237,0
3/6/2024,312.8947754,315.4181263,309.9832235,312.5065744,143065
3/7/2024,315.806366,316.3886823,313.2830147,314.4476475,141342
3/10/2024,314.0594177,318.3296881,311.5360667,318.3296881,66082
3/11/2024,304.7424011,315.6122056,302.8013667,315.6122056,265294
3/12/2024,301.442688,306.6834756,295.0372677,302.8014063,186720
3/13/2024,303.5777893,309.7891235,296.9782837,309.7891235,259166
3/14/2024,301.0544739,308.8186122,299.8898413,306.2952613,255677
3/17/2024,299.6957397,301.0544877,297.5606194,297.9488204,133432
3/18/2024,307.848053,309.7890873,300.8603176,300.8603176,197894
3/19/2024,313.0888672,315.4181026,309.5949992,309.5949992,152302
3/20/2024,308.0421753,315.4181125,305.7129398,314.2534799,137863
3/21/2024,305.5188293,308.0421802,304.7424274,308.0421802,107510
3/24/2024,305.7129822,308.6245344,303.577832,306.6834996,35383
3/25/2024,307.848053,311.1478054,303.7718691,307.4598224,180747
3/26/2024,309.9832458,311.5360796,305.9070906,307.6540101,123991
3/27/2024,304.936554,310.5655426,303.189605,310.5655426,125133
3/28/2024,304.354248,306.1011674,301.830897,304.9365644,131526
3/31/2024,296.978302,305.9070733,295.0372673,305.9070733,93498
4/1/2024,299.889801,302.2190363,295.2313305,296.9782496,85789
4/2/2024,305.7129822,305.7129822,298.1429583,299.8898778,64979
4/3/2024,304.7424011,312.5065387,304.7424011,306.1011193,163554
4/4/2024,314.6417542,316.1945583,305.3247812,305.3247812,218655
4/15/2024,310.7597046,315.0299755,309.5950718,311.3419914,178345
4/16/2024,311.7301636,313.4770828,308.6244964,312.8947665,109461
4/17/2024,306.1011963,314.2535369,304.3542767,312.5066174,137345
4/18/2024,305.5188293,307.8480945,301.2485592,306.1011456,125232
4/21/2024,306.6834717,310.5655409,305.5188391,310.5655409,78040
4/22/2024,312.3124084,321.6293791,305.7129036,308.6244551,250116
4/23/2024,308.6244507,314.4475535,307.6539335,312.5065192,132233
4/24/2024,305.7129822,308.6245344,302.9955453,308.6245344,129516
4/25/2024,305.7129822,308.2363334,304.3542637,305.7129822,124871
4/28/2024,305.7129822,305.7129822,305.7129822,305.7129822,0
4/29/2024,304.5483093,308.6244937,303.1895911,308.2362927,202323
4/30/2024,301.442688,304.5483257,299.8898543,302.8014063,158874
5/1/2024,301.8309021,303.3837358,299.8898674,301.4427011,38905
5/2/2024,302.413208,305.712961,301.6367764,301.8308917,90234
5/5/2024,302.8014221,306.1011753,302.4132211,302.4132211,49506
5/6/2024,308.0421753,308.2362906,301.0544687,302.9955033,137993
5/7/2024,305.907074,308.0421943,303.771924,308.0421943,82761
5/8/2024,307.4598694,311.5360539,303.7719155,305.9070654,260283
5/9/2024,302.2191162,307.4599043,301.0545131,307.4599043,178824
5/12/2024,301.0544739,303.7719104,300.8603586,302.2190768,67372
5/13/2024,294.2608948,301.8309188,291.1552272,301.8309188,279466
5/14/2024,285.5262146,294.4549564,284.3615819,294.4549564,189840
5/15/2024,281.2558899,289.6023442,279.5089707,285.5261895,184128
5/16/2024,288.4377441,288.4377441,280.4794907,283.1969272,259177
5/19/2024,288.4377441,288.4377441,288.4377441,288.4377441,0
5/20/2024,281.2558899,288.243626,279.5089707,287.2731087,183198
5/21/2024,283.1969299,285.9143961,281.8382117,282.2264127,198112
5/22/2024,281.2558899,284.5556723,279.5089707,283.1969244,136932
5/23/2024,275.6269226,282.4205439,274.074089,282.4205439,239493
5/26/2024,273.8435364,277.741665,271.1148582,277.741665,100262
5/27/2024,275.402771,277.9365603,274.4282389,275.7925779,136019
5/28/2024,267.8014221,276.7671298,267.4116152,275.7925976,313641
5/29/2024,269.3606262,271.8944152,267.6064806,267.9962874,287027
5/30/2024,269.3606262,269.3606262,269.3606262,269.3606262,0
6/2/2024,269.3606262,269.3606262,269.3606262,269.3606262,0
6/3/2024,279.6907043,287.4869609,275.0129623,285.5378968,527479
6/4/2024,281.63974,283.3938856,277.7416121,282.4193537,498601
6/5/2024,278.1314087,286.5123893,276.3772631,285.3429391,218336
6/6/2024,281.63974,282.614272,278.1314189,280.4702897,143361
6/9/2024,300.1558838,302.8845617,282.6143062,285.5379024,336571
6/10/2024,300.9355164,302.4947737,293.7239844,301.325353,278406
6/11/2024,294.3086853,304.054006,294.3086853,300.9354915,411411
6/12/2024,286.3175354,295.2832431,286.3175354,294.308711,235709
6/13/2024,280.6652527,292.5545565,280.6652527,289.2411235,451328
6/23/2024,292.3596191,295.2832153,285.3429764,286.5124268,146042
6/24/2024,283.3939209,292.1647097,283.3939209,292.1647097,294054
6/25/2024,286.3175354,289.6309685,283.3939389,283.3939389,186474
6/26/2024,283.1990051,287.2920217,283.1990051,286.512408,115965
6/27/2024,281.2499695,284.9531796,281.2499695,283.3939223,192437
6/30/2024,281.2499695,281.2499695,281.2499695,281.2499695,0
7/1/2024,275.7926025,282.6143277,274.0384565,282.0296024,228662
7/2/2024,273.6485901,277.7416366,273.4537015,274.8180405,286418
7/3/2024,275.7926025,276.5722164,273.4537313,275.2078773,146426
7/4/2024,279.4957886,283.00411,274.6231282,276.3773038,162182
7/7/2024,280.4702759,282.614258,275.7925345,282.614258,108513
7/8/2024,275.7926025,283.5888599,274.4282635,280.470345,112608
7/9/2024,276.3773499,278.9111396,275.4028176,276.7671568,106800
7/10/2024,275.7926025,280.2754564,275.7926025,276.7671347,113882
7/11/2024,273.0638733,276.7670829,271.894423,276.7670829,816986
7/14/2024,273.4537048,275.402769,272.6740613,273.063898,100007
7/15/2024,276.7670898,277.351815,272.479155,273.453687,111243
7/16/2024,279.105957,279.105957,276.3772793,276.7670862,100964
7/17/2024,283.1990051,283.588812,279.1059588,279.1059588,158874
7/18/2024,280.8601379,283.1990088,277.5467053,283.1990088,170345
7/21/2024,276.7670898,280.6652179,275.7925578,280.6652179,68423
7/22/2024,277.7416077,280.0804784,275.2078186,276.7670757,72074
7/23/2024,276.5721436,279.3008507,276.5721436,277.7415937,73193
7/24/2024,275.9874878,278.7161656,275.4027626,276.7671015,47858
7/25/2024,274.2333069,278.7161602,274.2333069,275.7925641,96296
7/28/2024,275.402771,278.5212558,275.2078527,275.7925779,55074
7/29/2024,281.2499695,283.1990337,275.7925838,277.3518411,174676
7/30/2024,280.8601379,283.1990088,278.7161556,281.2499448,130105
7/31/2024,280.6652527,280.860171,274.8180599,280.860171,273937
8/1/2024,276.7670898,279.4957676,271.8944298,277.1568967,267394
8/4/2024,269.1049194,276.9334262,267.3435174,272.6277534,167461
8/5/2024,266.7563782,271.4534704,252.4693471,267.3435222,511842
8/6/2024,275.3677368,277.716283,269.104937,271.2577884,209456
8/7/2024,273.9977417,278.8905585,273.0191783,278.4991391,131266
8/8/2024,273.0191956,278.6948515,267.147815,278.6948515,687968
8/11/2024,274.1934814,275.9548837,273.0191934,275.9548837,50344
8/12/2024,269.1049194,274.1934608,269.1049194,274.1934608,191698
8/13/2024,274.9763184,274.9763184,269.4963573,271.0620647,102794
8/14/2024,281.8262634,283.9791149,274.5849001,274.9763195,251808
8/15/2024,292.1990356,293.5690184,283.5876599,283.7833845,333365
8/18/2024,296.3089905,298.0704225,291.024754,292.3947368,171567
8/19/2024,297.8746948,306.6817655,296.3089874,296.3089874,379470
8/20/2024,302.3760681,303.3546314,296.1132688,298.4618148,243473
8/21/2024,301.006134,302.3761169,298.461863,302.3761169,204430
8/22/2024,302.1803894,305.3118045,300.4189871,301.5932752,131756
8/25/2024,302.7675171,304.9203686,302.1803731,302.5718223,153075
8/26/2024,297.4832764,302.7675128,297.4832764,302.7675128,512153
8/27/2024,294.5476074,298.2661367,294.156188,296.5047344,207021
8/28/2024,297.0918579,298.2661161,291.6118968,293.960443,103666
8/29/2024,299.4403992,301.397526,294.9390016,296.3089844,400995
9/1/2024,296.8961182,301.0060962,296.8961182,299.4403889,56857
9/2/2024,298.0704346,300.2232563,296.5047271,296.8961465,100062
9/3/2024,299.2446899,299.4404146,296.5047242,299.4404146,70748
9/4/2024,296.5047302,298.2661325,293.9604592,298.2661325,115369
9/5/2024,301.5932312,303.7460526,295.917546,298.0703972,210401
9/8/2024,295.7218933,301.2018249,294.5476052,301.2018249,100719
9/9/2024,293.5690308,297.2875599,293.5690308,295.7218823,85506
9/10/2024,295.5261536,295.5261536,291.6118999,294.5475901,68081
9/11/2024,286.3276978,294.939045,286.3276978,292.5904984,168044
9/12/2024,290.6333313,294.5475849,286.7190777,286.7190777,138029
9/15/2024,291.611908,294.5475983,290.6333445,290.8290691,27402
9/16/2024,289.6547852,293.3733144,287.8933829,291.6119121,80814
9/17/2024,288.28479,291.6118997,286.9148072,289.6547729,79711
9/18/2024,288.4804993,291.0247703,284.174826,286.719097,65999
9/19/2024,292.9819031,292.9819031,287.6976662,288.6762297,161395
9/22/2024,295.3304443,295.7218936,291.2204957,293.569042,121372
9/24/2024,294.5476074,296.113315,291.0247729,291.0247729,143226
9/25/2024,293.5690308,293.5690308,290.6333405,293.5690308,90215
9/26/2024,293.7647705,294.5476094,289.8505166,292.5904824,282457
9/29/2024,291.8076172,293.764744,289.8504904,292.590456,59583
9/30/2024,290.2419128,294.7433105,286.7190786,291.6118956,399113
10/1/2024,289.067627,291.8076224,287.3062248,287.3062248,153833
10/2/2024,289.067627,289.067627,289.067627,289.067627,0
10/3/2024,280.4562683,289.2633387,280.4562683,281.8262511,311680
10/6/2024,280.0648804,283.587685,275.172063,280.4562998,85397
10/7/2024,282.2177124,287.11053,279.8691659,280.0648906,158329
10/8/2024,280.8477173,282.8048442,279.8691538,282.2177002,173287
10/9/2024,278.6948547,282.8048331,278.49916,282.6091085,206587
10/10/2024,281.8262634,282.6091022,277.7162851,278.6948486,176094
10/13/2024,282.4134216,284.1748239,281.8262776,283.7834045,57169
10/14/2024,283.9790955,285.5447729,282.8048075,283.1962269,202049
10/15/2024,285.5447998,288.2847954,284.5662364,284.5662364,150694
10/16/2024,285.7405396,287.3062471,284.7619761,285.5448149,152926
10/17/2024,282.8048401,286.9148186,282.6091155,286.7190939,76330
10/20/2024,283.7834167,285.1533997,282.6091286,285.1533997,56708
10/21/2024,285.5447998,287.3062319,283.1962535,284.761961,132813
10/22/2024,279.2819824,286.5233455,279.2819824,285.7405067,141501
10/23/2024,274.7805786,280.0648446,273.6063205,278.8905567,157340
10/24/2024,276.9334717,277.7163105,273.8020565,274.78062,82945
10/27/2024,287.5019226,289.2633547,277.7162883,277.7162883,159959
10/28/2024,282.4134216,289.4590607,282.4134216,287.6976584,80427
10/29/2024,282.6091003,284.7619518,280.8476982,283.1962444,89793
10/30/2024,279.8691711,283.7834253,279.8691711,283.7834253,83293
10/31/2024,280.0648804,283.587685,279.8691557,280.6519946,153553
11/3/2024,282.2177124,284.5662589,279.8691659,280.0648906,164685
11/4/2024,280.8477173,283.0005689,278.8905903,282.2177002,127013
11/5/2024,277.7162781,284.1748024,274.7805879,280.8476929,252166
11/6/2024,276.346283,280.456261,275.9548636,277.9119903,240453
11/7/2024,277.3248596,278.890567,275.1720381,278.4991476,177715
11/10/2024,277.1283875,279.093837,276.7353035,278.5041961,112209
11/11/2024,274.376709,277.1283258,273.1974275,277.1283258,289274
11/12/2024,271.4285889,276.7352965,271.2320319,274.3767631,228559
11/13/2024,272.2147217,275.1628956,269.2665478,275.1628956,195515
11/14/2024,266.7114868,272.6078352,266.3184029,272.2147513,354157
11/17/2024,266.7114868,266.7114868,266.7114868,266.7114868,0
11/18/2024,266.9079895,272.214696,265.3356242,272.214696,173100
11/19/2024,266.7114868,269.659661,266.7114868,269.2665771,214065
11/20/2024,266.5149536,268.2838461,264.5495042,267.8907622,166535
11/21/2024,263.3702087,266.7114666,262.584041,266.5149396,161355
11/24/2024,265.3356323,267.4976384,264.7459916,265.3356323,193066
11/25/2024,265.3356323,268.4803629,265.3356323,268.283806,744886
11/26/2024,268.4803772,274.180168,266.1218141,268.2838203,389531
11/27/2024,263.7632751,271.2319881,263.1736344,269.2665389,262269
11/28/2024,263.5667419,265.9252749,263.370185,265.9252749,284181
12/1/2024,263.5667419,265.9252749,263.370185,265.9252749,284181
12/2/2024,272.018158,272.2147149,267.3010919,268.2838165,198356
12/3/2024,270.6423645,272.018173,268.6769152,272.018173,146155
12/4/2024,279.6834412,281.8454174,271.0354463,273.1974525,408156
12/5/2024,283.2212219,284.7935572,278.89721,279.6834076,228526
12/8/2024,284.4005127,287.7417706,282.2385364,284.0074288,133244
12/9/2024,293.4415588,294.6208103,285.1866786,291.2795528,380870
12/10/2024,295.8001099,297.1759183,288.9210375,292.4588522,235986
12/11/2024,299.5344543,302.6791851,294.2277474,295.8001128,435765
12/12/2024,295.9966736,302.6791891,295.9966736,299.5344583,186620
12/15/2024,291.8692017,299.7309983,291.083034,299.7309983,125638
12/16/2024,297.5690002,299.1413656,290.493401,290.8864849,256086
12/17/2024,292.8519287,298.7482763,291.8692041,298.7482763,216538
12/18/2024,291.8692017,294.6208185,290.4933932,294.6208185,184573
12/19/2024,293.4415588,296.7828163,287.9382953,291.8691935,968997
12/22/2024,281.6488647,292.8519187,281.059224,291.8691942,179214
12/23/2024,281.0592651,283.0247145,277.5214502,281.648906,139143
12/24/2024,277.3248901,282.0419562,276.3421656,281.0592316,153658
12/25/2024,279.8799438,280.0765008,276.5386863,278.3076085,31230
12/26/2024,279.4868774,282.0419675,277.3249013,279.8799613,72489
12/29/2024,277.3248901,282.2385131,277.3248901,277.3248901,88174
12/30/2024,280.0765076,283.6143221,277.1283338,277.1283338,104671
12/31/2024,275.5559998,284.0074382,275.5559998,284.0074382,260013
1/1/2025,278.7007446,279.2903855,276.1456543,276.1456543,59508
1/2/2025,279.0937805,279.4868644,277.5214152,278.8972236,46455
1/5/2025,279.8799438,281.6488661,278.7006924,279.0937762,45571
1/6/2025,288.9210205,289.3141043,278.897218,278.897218,331588
1/7/2025,285.3832397,288.9210546,283.0247065,288.9210546,186901
1/8/2025,282.6315918,288.921023,282.6315918,288.921023,178498
1/9/2025,282.6315918,282.6315918,282.6315918,282.6315918,0
1/12/2025,294.8173828,296.5862751,290.4934005,293.6381013,82311
1/13/2025,291.4761047,293.8346376,290.1002964,293.8346376,180913
1/14/2025,293.6381226,293.6381226,288.3314153,291.4761463,252824
1/15/2025,293.6381226,295.6035719,289.9037808,294.6208472,209457
1/16/2025,286.1694031,292.2622773,284.7935647,292.2622773,249417
1/19/2025,285.9729004,288.9210746,284.9901756,285.1867326,157371
1/20/2025,284.0074158,285.972865,283.2212481,285.972865,253521
1/21/2025,285.5797729,285.5797729,280.8626769,284.0074076,188403
1/22/2025,283.8108521,286.9555828,283.8108521,285.5797743,195328
1/23/2025,286.9555969,286.9555969,283.2212553,284.9901476,174718
1/26/2025,286.9555969,287.5452377,285.1867046,287.3486808,108921
1/27/2025,284.203949,287.5452064,283.6143083,286.7590088,111198
1/28/2025,284.203949,284.203949,284.203949,284.203949,0
1/29/2025,287.3486633,291.4761186,284.7935734,289.5106694,172924
1/30/2025,287.1521301,289.1175793,285.5797648,286.9555732,153170
2/2/2025,288.3314209,288.9210617,286.9556123,288.9210617,45133
2/3/2025,286.7590332,288.3313986,283.2212486,288.3313986,141468
2/4/2025,288.9210205,288.9210205,284.5970384,286.5624876,113559
2/5/2025,289.3141174,291.2795666,287.3486682,288.1348659,186700
2/6/2025,291.6726685,292.0657823,288.1348837,289.3141353,307262
2/9/2025,295.2104797,296.5862883,290.4934134,291.2795811,195848
2/10/2025,293.8346558,296.5862726,291.0830389,295.603548,186206
2/11/2025,295.8001099,296.5862776,291.6726545,293.8346606,144116
2/12/2025,293.4415588,295.6035349,291.2795528,295.0139241,116681
2/13/2025,292.4588318,294.227724,291.4761072,292.8519156,59943
2/16/2025,289.9037476,296.7828195,289.9037476,294.8173704,119985
2/17/2025,288.9210205,289.9037451,285.1866792,289.9037451,142684
2/18/2025,283.8108521,289.5106727,283.2212413,288.5279481,218391
2/19/2025,283.8108521,283.8108521,283.8108521,283.8108521,0
2/20/2025,284.5970459,286.759022,279.2903391,281.6488721,226097
2/24/2025,282.0606689,287.1926458,281.2711479,285.810969,182803
2/25/2025,279.4946899,283.0475643,278.3103784,282.2580434,162457
2/26/2025,277.9156189,280.8763676,275.3496307,279.6920561,218585
2/27/2025,276.9287109,278.9025435,275.5470342,277.9156272,337649
3/2/2025,274.3627014,277.9156057,272.388869,277.9156057,87289
3/3/2025,271.7967529,276.1391788,270.0203156,274.3627414,251844
3/4/2025,270.0203247,272.1915226,268.4412525,271.9941574,255885
3/5/2025,266.4673767,270.4150415,265.6778558,270.0202811,234149
3/6/2025,269.6255188,271.4019559,264.888303,268.4412073,304675
3/9/2025,269.2307434,272.3888875,266.6647852,272.3888875,112790
3/10/2025,259.1642151,269.8228986,259.1642151,269.2307428,272924
3/11/2025,260.1511536,264.4935794,253.0453439,259.3616024,389526
3/12/2025,264.0987854,270.2176479,261.3354019,261.5327972,350435
3/13/2025,266.4673767,267.2568976,263.1118676,266.0726162,268189
3/16/2025,276.3365784,276.9287342,266.4674149,267.4543312,159662
3/17/2025,274.3627014,280.0868033,272.388869,278.3103662,159862
3/18/2025,269.0333862,275.1522491,266.6647932,274.5601235,191142
3/19/2025,265.2831116,270.6124841,264.4935905,270.6124841,145023
3/20/2025,265.2831116,265.2831116,265.2831116,265.2831116,0
3/23/2025,266.4673767,269.8228858,265.6778558,268.2438138,36573
3/24/2025,269.2307434,269.2307434,264.4935574,266.8621504,62604
3/25/2025,268.4412537,269.42817,264.4935882,269.42817,108068
3/26/2025,272.3888855,272.783646,267.4543042,269.4281367,157226
3/27/2025,274.954895,275.3496555,269.8229181,272.3889065,137039
4/3/2025,276.3365784,278.7051716,267.6517265,267.6517265,260516
4/6/2025,260.9406433,268.0464522,260.5458828,266.4673802,228356
4/7/2025,273.5732117,274.9548885,252.650574,260.5459044,452667
4/8/2025,276.5339661,281.6659129,274.1653428,276.3365708,519743
4/9/2025,268.4412537,276.3365847,267.4543373,276.3365847,199987
4/10/2025,268.4412537,268.4412537,268.4412537,268.4412537,0
4/13/2025,283.2449646,284.4292762,281.4685274,284.2318809,253994
4/14/2025,279.4946899,284.8240316,276.7313064,284.6266363,347941
4/15/2025,280.2842102,280.876366,278.1129824,279.297294,142969
4/16/2025,280.6789856,280.6789856,276.33656,280.2842251,182567
4/17/2025,280.6789856,280.6789856,280.6789856,280.6789856,0
4/20/2025,278.3104248,280.2842576,278.1130295,279.0999459,140992
4/21/2025,279.2973022,279.2973022,276.9287092,278.310386,176495
4/22/2025,278.7051392,279.2972949,276.3365462,279.2972949,143592
4/23/2025,279.8894958,280.2842564,277.9156631,278.7051841,170960
4/24/2025,281.4685669,282.258088,279.6920993,279.8894946,193984
4/27/2025,281.2711487,281.6659092,279.8894719,281.6659092,43732
4/28/2025,283.2449646,283.2449646,279.8894554,281.2711321,184269
4/29/2025,283.4423828,285.0214249,281.8633107,283.639748,163056
4/30/2025,282.6528015,286.7978617,282.4554363,283.6397177,239143
5/1/2025,285.218811,286.008332,281.6659063,283.6397389,274699
5/4/2025,279.0999146,285.2188076,277.3234773,285.2188076,132564
5/5/2025,275.1522522,278.3103964,270.8098265,278.3103964,223833
5/6/2025,274.954895,280.2842372,273.1784276,275.1522602,122436
5/7/2025,272.5863037,275.5470527,271.9941479,274.7575016,134504
5/8/2025,265.8752441,272.586293,264.8883278,272.3888977,239864
5/11/2025,270.552948,270.9493565,265.3995464,267.1834302,89544
5/12/2025,267.579834,274.5170889,265.2013526,267.579834,262314
5/13/2025,268.174469,270.354731,267.7780605,268.3726581,169498
5/14/2025,267.579834,271.5439797,266.9852061,271.5439797,157685
5/15/2025,265.5977478,267.976229,265.2013393,267.5798205,204257
5/18/2025,265.5977478,265.5977478,265.5977478,265.5977478,0
5/19/2025,269.363678,270.5529337,267.1834161,268.570861,138008
5/20/2025,266.5888062,269.165507,266.5888062,267.5798426,124328
5/21/2025,267.9762268,269.561891,267.3815989,267.5798183,216867
5/22/2025,265.9941711,268.3726525,265.9941711,268.1744634,170030
5/25/2025,265.5977478,269.5618933,265.5977478,269.5618933,66810
5/26/2025,265.0031433,268.1744721,262.0300339,266.7870271,201204
5/27/2025,257.4712524,265.5977633,257.2730633,265.5977633,239457
5/28/2025,259.6515503,264.6067326,258.2641053,258.4622945,306840
5/29/2025,259.4533081,266.588782,259.4533081,264.2103008,1102321
6/1/2025,261.4353943,265.5977593,258.2640959,260.8407966,67822
6/2/2025,260.0479431,261.6336074,257.2730533,261.435388,145036
6/3/2025,255.6873932,260.6425752,255.2909847,260.2461667,285274
6/4/2025,255.8856049,258.4622752,253.3089042,258.4622752,270531
6/11/2025,256.0838013,258.0658741,253.7053199,255.6873928,438194
6/12/2025,249.1465302,255.2909676,249.1465302,253.7053034,367121
6/15/2025,258.6604919,258.6604919,244.7859828,248.7501283,192633
6/16/2025,252.7142639,258.8587013,252.7142639,258.6604819,243972
6/17/2025,242.8039246,253.7053253,242.8039246,253.7053253,394114
6/18/2025,237.8487396,243.002126,237.8487396,242.8039217,425710
6/19/2025,244.5877686,246.1734176,237.8487185,242.8039001,366815
6/22/2025,247.5608826,249.7411595,244.5877735,244.5877735,81812
6/23/2025,248.5519257,251.3268305,244.1913565,244.3895759,113625
6/24/2025,262.6246643,262.6246643,252.7142996,252.7142996,304083
6/25/2025,258.8587341,264.6067335,258.6605147,264.6067335,147483
6/26/2025,262.822876,263.2192845,257.0748465,259.0569194,131818
6/29/2025,267.3816223,269.1655061,263.8139153,265.5977688,127063
6/30/2025,268.7690735,272.5349996,265.7959644,267.3815984,274727
7/1/2025,271.5439758,271.5439758,267.5798302,269.9583115,134965
7/2/2025,269.5618896,270.9493345,268.5708533,270.552926,114195
7/3/2025,266.5888062,268.7690984,262.0300324,268.5708791,194209
7/6/2025,266.5888062,268.9672876,265.9941782,266.7870255,49713
7/7/2025,267.9762268,269.561891,266.3905626,266.5887819,74732
7/8/2025,267.579834,269.1654983,266.5887976,267.9762425,59910
7/9/2025,264.60672,266.5887928,264.60672,266.5887928,68907
7/10/2025,262.6246643,267.5798467,262.6246643,267.1834381,96026
7/13/2025,261.0389709,264.6067079,260.6425625,262.8228545,60308
7/14/2025,260.2461548,261.4353803,257.6694542,261.0389718,85142
7/15/2025,258.0658875,260.2461798,256.4802231,260.0479604,64873
7/16/2025,254.299942,259.0569046,253.5071099,256.8766427,112767
7/17/2025,254.299942,254.299942,254.299942,254.299942,0
7/20/2025,251.7232361,254.2999367,250.5339955,251.7232361,38331
7/21/2025,252.1196442,253.5071041,249.1465351,251.7232357,77244
7/22/2025,248.7501221,252.7142674,248.3537136,252.1196396,109759
7/23/2025,250.732193,250.732193,247.3626755,248.7501203,110860
7/24/2025,249.1465302,251.7232307,247.9572896,250.7321943,69324
7/27/2025,259.0569153,259.0569153,250.1375875,250.5340111,86930
7/28/2025,254.894577,260.4443567,254.894577,259.2551312,80495
7/29/2025,256.4802246,257.8676999,252.7142981,252.7142981,332077
7/30/2025,257.8676758,258.8587122,252.7142746,253.7053109,128363
7/31/2025,259.849762,261.435396,256.6784333,257.8676891,196633
8/3/2025,258.8442383,262.8264573,257.0522519,262.8264573,44067
8/4/2025,259.2424622,260.4371401,255.6584588,257.0522598,79776
8/5/2025,258.6451111,260.6362206,257.0522478,259.24245,181524
8/6/2025,261.8309021,263.02558,258.0478062,258.6451147,93280
8/7/2025,262.8264465,263.0255696,260.636214,262.4282307,60055
8/10/2025,262.8264465,265.0166791,261.8308918,262.8264465,60587
8/11/2025,256.8531189,260.6362147,256.8531189,260.6362147,285905
8/12/2025,254.8620148,258.0478021,253.4682442,256.8531243,203236
8/13/2025,252.0744629,256.8531288,252.0744629,254.0655724,160784
8/14/2025,252.8709106,254.8620202,250.0833543,253.2691265,142725
8/17/2025,253.2691193,254.8620129,251.6762408,252.8709034,48980
8/18/2025,252.0744629,254.6629114,251.4771391,254.4638034,81503
8/19/2025,250.8797913,254.2646713,250.0833444,252.0744539,172021
8/20/2025,246.3002319,252.2735603,246.0015777,251.8753444,373361
8/21/2025,246.3997955,247.9926892,244.4086861,246.300234,227343
8/24/2025,246.6984711,249.0877964,246.3998016,246.7980174,111423
8/25/2025,243.7118073,247.4949184,242.3180215,246.6984715,162461
8/26/2025,242.9153595,244.3091301,242.9153595,243.7118063,256735
8/27/2025,242.2184753,244.2095849,242.2184753,243.8113538,72819
8/28/2025,239.9286957,244.0104762,239.9286957,243.9109147,119792
8/31/2025,240.0282593,243.3135778,239.9286977,240.7251446,50942
9/1/2025,243.1144714,244.1100262,240.7251461,240.924254,120984
9/2/2025,242.9153595,244.1100222,241.2229195,243.214029,116414
9/3/2025,241.0238037,242.9153516,239.630018,242.3180127,105211
9/4/2025,243.8113556,244.6078024,241.2229223,241.9198076,104772
9/7/2025,243.9109192,245.6033593,242.3180255,243.9109192,63496
9/8/2025,242.1189117,244.9064681,241.8202423,244.9064681,100752
9/9/2025,239.7295837,243.7118027,237.041589,243.2140253,218457
9/10/2025,236.9420319,239.9286961,236.9420319,239.9286961,125898
9/11/2025,231.3669128,237.5393643,229.6744728,236.444248,353703
9/14/2025,234.7518158,234.7518158,226.6878162,231.3669205,91985
9/15/2025,239.4309235,239.4309235,232.0638242,234.7518191,170743
9/16/2025,238.933136,240.0282523,236.9420265,238.933136,133718
9/17/2025,245.2051392,247.295795,240.1278038,240.9242507,469868
9/18/2025,251.4771423,251.4771423,242.5171494,246.3998069,518224
9/21/2025,249.8842468,253.667358,248.8886921,250.8798016,137945
9/22/2025,252.8709106,254.8620202,249.0877995,249.8842463,152135
9/24/2025,260.8353577,261.8309125,253.6673661,256.8531385,480342
9/25/2025,260.8353577,260.8353577,260.8353577,260.8353577,0
9/28/2025,259.0433655,259.640674,257.0522559,259.640674,71159
9/29/2025,263.8220215,263.8220215,257.6495696,259.0433706,256977
9/30/2025,268.7997742,268.7997742,263.8220006,264.0211237,269201
10/1/2025,268.7997742,268.7997742,263.8220006,264.0211237,269201
10/2/2025,266.2113342,269.1979985,266.0122415,266.8086732,209328
10/5/2025,265.8131104,268.4015587,265.6139873,266.8086651,50012
10/6/2025,266.2113342,269.1979985,265.0166868,267.4060121,216808
10/7/2025,270.7908936,272.9811262,265.6139967,268.0033524,243437
10/8/2025,273.1802063,279.1535346,270.7908811,270.7908811,337469
10/9/2025,275.7686768,276.9633547,273.5784441,273.5784441,624050
10/12/2025,274.7731018,275.7686565,268.7997735,270.7908829,117679
10/13/2025,274.972229,278.357109,273.9766743,275.9677837,156790
10/14/2025,274.7731018,277.1624271,273.9766702,275.5695334,294056
10/15/2025,278.7553406,279.9500185,273.7775666,274.7731214,229215
10/16/2025,276.1668701,279.5517501,276.1668701,278.5561953,126569
10/19/2025,277.7597656,278.9544434,274.7731015,274.7731015,53946
10/20/2025,278.1579895,279.1535442,275.5695411,277.3615579,73995
10/21/2025,274.7731018,278.7553207,274.374886,278.7553207,80459
10/22/2025,271.786438,276.1668727,270.3926675,274.3748863,142256
10/23/2025,271.9855652,273.3793357,268.4015621,272.7819968,225102
10/26/2025,272.9811096,275.7686506,271.5873087,271.9855549,93222
10/27/2025,267.007782,273.379326,264.2202106,272.9811102,469870
10/28/2025,268.7997742,270.1935447,266.6095416,268.0033425,485004
10/29/2025,272.1846619,272.5828777,268.401566,268.7997818,314964
10/30/2025,270.9900208,275.3704557,270.3926818,271.7864524,209263
11/2/2025,268,272,268,270,87740
11/3/2025,267,269.3999939,266,268,196523
11/4/2025,268.6000061,269.7999878,267.6000061,269.3999939,119549
11/5/2025,266.6000061,269.2000122,264,264,105374
11/6/2025,267,269,265.7999878,266.6000061,162951
11/9/2025,260.6000061,267,259,267,69158
11/10/2025,261,262.6000061,260.2000122,260.2000122,119511
11/11/2025,260.7999878,261.7999878,259.2000122,261,292279
11/12/2025,264,266.2000122,260.3999939,261,254036
11/13/2025,261.6000061,267,261.6000061,264,113808
11/16/2025,256.2000122,261.6000061,255,261.6000061,77756
11/17/2025,257.2000122,259,255,256,140792
11/18/2025,259.3999939,260.3999939,256,257,1205952
11/19/2025,250,260.2000122,249.3000031,259.3999939,218629
11/20/2025,246.6000061,251.3999939,246.6000061,250,113264
11/23/2025,243.5,248,243.5,246.6000061,82427
11/24/2025,249,249,243,244,285731
11/25/2025,241.8000031,249,241.8000031,249,103511
11/26/2025,244.8999939,246.1000061,241,241.8999939,91053
11/27/2025,241.8000031,244.5,241.5,243.8999939,86857
11/30/2025,245,247,241.6000061,241.8000031,62940
12/1/2025,244,245.1000061,241.6000061,245,113526
12/2/2025,243.1999969,245,241.6000061,244.3000031,145424
12/3/2025,245.8000031,245.8000031,242,243.1999969,61712
12/4/2025,251.1999969,251.8000031,245.6999969,245.8000031,247093
12/7/2025,259.2000122,259.3999939,251.1999969,251.1999969,128247
12/8/2025,256,263.6000061,255.8000031,260,165869
12/9/2025,257.3999939,259.3999939,254,256,101772
12/10/2025,258.7999878,260.3999939,257.3999939,258,137887
12/11/2025,258.2000122,259.6000061,256.6000061,259,225782
12/14/2025,258,259,255,256.3999939,36922
12/15/2025,253,256.6000061,252.1999969,254.1999969,128495
12/16/2025,251.1999969,253.8000031,251.1999969,253,176292
12/17/2025,252.1999969,259,249.3999939,251.1999969,244475
12/18/2025,253,254,248.8999939,252,238340
12/21/2025,252.6000061,256.3999939,252.6000061,253,53435
12/22/2025,256.7999878,256.7999878,251.1999969,251.1999969,74970
12/23/2025,257.2000122,259.2000122,255.1999969,255.8000031,127818
12/24/2025,258,258.2000122,255.3999939,256.2000122,47830
12/25/2025,261.6000061,262.3999939,257.2000122,258,316017
12/28/2025,258,261.7999878,257.2000122,261.6000061,186610
12/29/2025,253.1999969,259.6000061,252.6000061,259.6000061,102228
12/30/2025,251,254.3999939,250.6000061,253,62267
12/31/2025,257,258.6000061,251.8000031,253,1700382
1/1/2026,257,259,256.7999878,257,24586
1/4/2026,247.5,258.7999878,246.8999939,258.7999878,117122
1/5/2026,244.6000061,247.5,242.3999939,247.3999939,133558
1/6/2026,249,249,244,244.6000061,92448
1/7/2026,247,256.6000061,247,255.1999969,184458
1/8/2026,247.5,248.1000061,245.1999969,247,169914
1/11/2026,254.1999969,254.6000061,248,251.8000031,75983
1/12/2026,261.2000122,262,254.6000061,254.6000061,224570
1/13/2026,261.6000061,261.7999878,258,258.3999939,141716
1/14/2026,260.3999939,264,260,261.6000061,211729
1/15/2026,259.2000122,261.3999939,258.3999939,260,95778
1/18/2026,263,264.6000061,259.2000122,259.2000122,88584
1/19/2026,262,263,259,263,145548
1/20/2026,259.2000122,262.7999878,259.2000122,262.7999878,90516
1/21/2026,263,263.3999939,258.7999878,259.3999939,201107
1/22/2026,267,268.6000061,261,263,342088
1/25/2026,266.2000122,268.7999878,266,267,64070
1/26/2026,264.6000061,266.7999878,263.7999878,266,149302
1/27/2026,265,266.6000061,263.2000122,264.6000061,147471
1/28/2026,268,268.2000122,265,266,344592
1/29/2026,261.6000061,267.7999878,261.6000061,266,319960
